Position ,Mutation,Fitness
2,E,0.241032046
2,D,-0.676564778
2,K,#NUM!
2,R,-0.447124569
2,H,-0.25071397
2,P,-0.280197676
2,Q,-0.916350598
2,N,-0.674698894
2,T,0.492817006
2,S,-1.019765277
2,A,#NUM!
2,G,-1.113928135
2,M,0.348282202
2,C,-1.342903218
2,V,0.10546778
2,I,0
2,L,0.500743759
2,Y,-1.426239141
2,F,-0.301180969
2,W,-1.590784363
2,Stop,-1.250428771
3,E,-1.369615179
3,D,-1.295517086
3,K,-1.870378195
3,R,-1.118315515
3,H,-1.009208282
3,P,-1.520916273
3,Q,-0.680666135
3,N,-0.280611338
3,T,0
3,S,-0.165219392
3,A,-1.055520529
3,G,-0.714833085
3,M,-1.847417368
3,C,-1.709704343
3,V,#NUM!
3,I,0.055786937
3,L,-1.360750795
3,Y,-1.312295789
3,F,-1.104809115
3,W,-0.075041969
3,Stop,-1.251436593
4,E,-0.733500594
4,D,-0.349835917
4,K,0.033477708
4,R,-0.606506785
4,H,-1.19043527
4,P,-0.521063571
4,Q,-0.13854023
4,N,-1.464612849
4,T,-0.347312962
4,S,0.19029554
4,A,-0.07059552
4,G,-1.968713442
4,M,-1.250135857
4,C,-0.864213588
4,V,-0.253117123
4,I,0.385691693
4,L,-0.564382948
4,Y,-0.986963126
4,F,-0.610338843
4,W,-0.278329824
4,Stop,-1.206783118
5,E,-1.435504259
5,D,-0.449064071
5,K,-0.30134118
5,R,-0.406490943
5,H,-0.371550903
5,P,-1.708028147
5,Q,-1.307819199
5,N,0
5,T,-0.415161827
5,S,-0.710132436
5,A,-0.705017203
5,G,-1.549523086
5,M,-0.836814341
5,C,-0.490233438
5,V,-0.18849236
5,I,-0.799659787
5,L,-0.211724515
5,Y,-0.581943274
5,F,-0.696995797
5,W,-0.178614535
5,Stop,-1.347847163
6,E,0
6,D,-0.118823045
6,K,0.070611293
6,R,-1.047330466
6,H,-1.659173734
6,P,0.186375125
6,Q,-0.224228002
6,N,-0.010453352
6,T,-0.003422759
6,S,0.173143465
6,A,-0.108793158
6,G,-0.391677245
6,M,-0.118325432
6,C,-0.529847325
6,V,-0.022750717
6,I,-0.424843203
6,L,-0.651000466
6,Y,-0.567217292
6,F,-0.555808131
6,W,-0.895113819
6,Stop,-1.426841492
7,E,-0.144136898
7,D,-0.110717125
7,K,0
7,R,-0.097053997
7,H,0.348052487
7,P,-0.668042156
7,Q,0.269092019
7,N,0.554398617
7,T,0.101338906
7,S,0.224166276
7,A,0.052897075
7,G,-0.083202152
7,M,0.189797557
7,C,-0.473804264
7,V,0.008073456
7,I,-0.447325151
7,L,-0.294221083
7,Y,-0.73959938
7,F,-0.556347656
7,W,-0.658585345
7,Stop,-0.93135178
8,E,0
8,D,-0.894418371
8,K,-0.510507211
8,R,-1.674306329
8,H,-1.420886647
8,P,-0.826204381
8,Q,-0.513925577
8,N,-1.217826533
8,T,-1.419838049
8,S,-1.106151679
8,A,-2.127340146
8,G,-0.377067815
8,M,-1.867942162
8,C,-0.354876054
8,V,-1.478831047
8,I,-1.377647274
8,L,-1.194889286
8,Y,-0.953292358
8,F,-1.873375906
8,W,-1.495792987
8,Stop,-1.158073476
9,E,-1.085599681
9,D,-0.894941128
9,K,-2.274564648
9,R,-1.888106962
9,H,0.104638067
9,P,-1.163448669
9,Q,-1.101009251
9,N,-0.85419803
9,T,-1.717187838
9,S,-1.704118569
9,A,-0.987767512
9,G,-1.946340351
9,M,-0.548896753
9,C,-0.896929639
9,V,-0.776605396
9,I,-0.459067955
9,L,-1.175872471
9,Y,-0.724277575
9,F,-1.247219364
9,W,-0.498059102
9,Stop,-1.573818663
10,E,-0.961137007
10,D,-1.136214053
10,K,-1.098709091
10,R,-1.750558757
10,H,-0.684105084
10,P,-0.939470914
10,Q,-1.993371905
10,N,-0.927809777
10,T,-0.986341164
10,S,-1.5577863
10,A,-1.92499351
10,G,-1.475824929
10,M,0.136575952
10,C,-2.467960765
10,V,-0.744103371
10,I,0
10,L,-0.357398192
10,Y,-0.775410615
10,F,-0.973175621
10,W,-1.539196485
10,Stop,-0.80390783
11,E,-1.101136861
11,D,-1.550985632
11,K,0.009998467
11,R,-1.245833019
11,H,-0.721026619
11,P,-1.675838233
11,Q,-0.660455488
11,N,-0.435119387
11,T,-0.112148614
11,S,-1.610451765
11,A,-0.932690666
11,G,-1.815208581
11,M,-0.035763621
11,C,-1.47694262
11,V,-1.38113284
11,I,-0.662407841
11,L,-0.096613907
11,Y,-0.988922553
11,F,-0.749376939
11,W,-0.08106397
11,Stop,-0.92540746
12,E,0
12,D,-0.768117108
12,K,-0.889768802
12,R,-1.373677637
12,H,-0.591713082
12,P,-0.61207832
12,Q,-1.115740822
12,N,-1.783845508
12,T,-1.558432275
12,S,-0.178522726
12,A,-0.89325694
12,G,-1.487749949
12,M,-1.344050677
12,C,-1.431067658
12,V,-0.459247475
12,I,-1.164233253
12,L,-1.0489624
12,Y,-1.713351913
12,F,-1.549317941
12,W,-1.845358363
12,Stop,-1.689068257
13,E,-0.487598653
13,D,-0.871161925
13,K,-0.652341564
13,R,-1.738282146
13,H,-1.12735361
13,P,-1.148338489
13,Q,0.001235341
13,N,-1.308918804
13,T,-0.637495153
13,S,-0.626632829
13,A,-1.228224475
13,G,-0.763150616
13,M,-1.678829992
13,C,-0.906680827
13,V,-1.334239424
13,I,-1.810482448
13,L,-0.895074082
13,Y,-0.84090689
13,F,-0.583920426
13,W,-0.597509876
13,Stop,-0.929777118
14,E,-0.508952497
14,D,-0.622894871
14,K,0
14,R,0.267742383
14,H,-1.728292044
14,P,-1.675263698
14,Q,-0.946310656
14,N,-0.381788096
14,T,-1.740293127
14,S,-2.058035001
14,A,-1.829266021
14,G,-1.1584141
14,M,-1.008321781
14,C,-1.346924358
14,V,-0.965147468
14,I,-1.297656884
14,L,-1.056093188
14,Y,-0.403293788
14,F,-0.573481947
14,W,-1.525715951
14,Stop,-1.181079956
15,E,-1.305426223
15,D,-1.599634796
15,K,-0.931946366
15,R,-1.826912501
15,H,-0.675718715
15,P,-1.111056111
15,Q,-1.109619704
15,N,-1.107602117
15,T,-1.647496033
15,S,-1.159643742
15,A,-1.198473057
15,G,-1.601763885
15,M,-0.353795734
15,C,-0.833596139
15,V,-0.351449264
15,I,-1.639707744
15,L,-1.636255483
15,Y,0
15,F,-0.724497949
15,W,-1.381940094
15,Stop,-1.38226165
16,E,-0.707755624
16,D,-0.293611414
16,K,-1.265179108
16,R,0
16,H,-0.235206739
16,P,-1.013941686
16,Q,-1.353038263
16,N,-1.720830447
16,T,-1.516960088
16,S,-1.033538483
16,A,-1.688002241
16,G,-1.056129075
16,M,-1.217356378
16,C,-0.699425209
16,V,-1.488984943
16,I,-1.543807855
16,L,-1.84107719
16,Y,-1.700427244
16,F,-1.46155848
16,W,-1.193800911
16,Stop,-1.026032832
17,E,-0.743721286
17,D,-1.189223834
17,K,-1.690391892
17,R,#NUM!
17,H,-0.963479962
17,P,0
17,Q,-0.608898002
17,N,-1.184444964
17,T,-1.294106212
17,S,-0.857173973
17,A,-1.353995104
17,G,-1.308736886
17,M,-1.428679899
17,C,-1.288074309
17,V,-1.377530975
17,I,-0.967730539
17,L,-0.600752841
17,Y,-1.092250024
17,F,-1.103601063
17,W,-1.069296091
17,Stop,-1.828115951
18,E,-0.152735717
18,D,-1.178162283
18,K,0.205081523
18,R,0.216928349
18,H,-0.146578828
18,P,-1.431293735
18,Q,0.053042801
18,N,-0.142171014
18,T,0.009401708
18,S,0
18,A,0.384232042
18,G,-0.060476059
18,M,-0.074399505
18,C,-0.009968123
18,V,-0.174834005
18,I,0.350981213
18,L,0.197642685
18,Y,-0.484081508
18,F,-0.321706419
18,W,-0.368552036
18,Stop,-0.355252407
19,E,-0.801539248
19,D,-0.68289388
19,K,-1.673346338
19,R,-1.032206798
19,H,-0.687522585
19,P,-1.881102801
19,Q,-0.747078776
19,N,-0.852106763
19,T,0
19,S,-0.101502431
19,A,-1.106552463
19,G,-1.201845582
19,M,-0.1446693
19,C,-0.145601658
19,V,-0.292013773
19,I,-0.3851752
19,L,-2.122953184
19,Y,-1.017664538
19,F,-1.687678514
19,W,-0.946844072
19,Stop,-1.562950999
20,E,-1.679721285
20,D,-0.784400634
20,K,-0.967291855
20,R,-1.675838233
20,H,-0.615817043
20,P,-1.281405109
20,Q,-1.342159135
20,N,-0.070228783
20,T,-1.669700081
20,S,#NUM!
20,A,-1.776344553
20,G,-1.433025545
20,M,-0.41243211
20,C,-0.996937051
20,V,-0.528366431
20,I,0.059759965
20,L,-0.521679738
20,Y,-1.871732977
20,F,-0.60139291
20,W,-1.723305989
20,Stop,-1.632100061
21,E,0.007056249
21,D,0
21,K,-0.39867441
21,R,-1.023492925
21,H,-0.548409097
21,P,-0.960561747
21,Q,-0.824355921
21,N,-0.321484375
21,T,-0.637206601
21,S,-0.759024056
21,A,-0.831881836
21,G,-0.828756199
21,M,-1.154380261
21,C,-0.781591255
21,V,-0.428855468
21,I,-0.375132426
21,L,0.187234674
21,Y,-0.369698734
21,F,-1.102765931
21,W,-1.422688709
21,Stop,-0.618725532
22,E,0
22,D,-0.474091797
22,K,-0.615937453
22,R,-1.466414911
22,H,-0.595813235
22,P,-1.98222018
22,Q,-1.006730952
22,N,-1.066865596
22,T,-0.659878459
22,S,-0.866468723
22,A,-1.102390171
22,G,-0.880213275
22,M,-0.775004378
22,C,-0.47733711
22,V,0.220900547
22,I,-0.216254692
22,L,-0.142047096
22,Y,-0.386370137
22,F,-1.123920434
22,W,-1.600600134
22,Stop,-0.691119471
23,E,-1.749494619
23,D,-1.566526639
23,K,-1.243000297
23,R,-0.890357512
23,H,-1.609413116
23,P,-1.778607822
23,Q,-0.837288641
23,N,-0.451529776
23,T,-0.893231938
23,S,-1.542871717
23,A,-1.419660103
23,G,-1.119605268
23,M,-1.5921029
23,C,0
23,V,-0.290338693
23,I,-0.327422897
23,L,-1.377329384
23,Y,-0.358080274
23,F,-0.713119476
23,W,-1.462282356
23,Stop,-0.431834233
24,E,-2.043347061
24,D,-1.667084653
24,K,-1.387437057
24,R,-1.32980766
24,H,-0.511645591
24,P,-1.194526348
24,Q,-1.563913397
24,N,-0.541513327
24,T,-0.997144172
24,S,-0.932535638
24,A,-1.289776782
24,G,-0.600574112
24,M,-0.570499345
24,C,-1.102562668
24,V,-0.446344368
24,I,0
24,L,-0.472236985
24,Y,-1.356966184
24,F,-0.716478978
24,W,-0.906200057
24,Stop,-1.49861286
25,E,-1.826536228
25,D,-0.540430425
25,K,-1.858165895
25,R,-0.734001256
25,H,-0.885235912
25,P,-1.562739777
25,Q,-1.782332565
25,N,-0.646443392
25,T,-0.39516534
25,S,-1.031289979
25,A,-1.44094893
25,G,-1.444123094
25,M,-1.542667836
25,C,-0.961040961
25,V,-0.979896265
25,I,-0.656293868
25,L,0.11637046
25,Y,-0.554623771
25,F,-0.574996533
25,W,-1.706242396
25,Stop,-1.60063145
26,E,-1.597746793
26,D,-1.573908867
26,K,-1.135020752
26,R,-0.455092508
26,H,-0.951736407
26,P,0.032434642
26,Q,-0.325160682
26,N,-0.855910815
26,T,-0.941975261
26,S,-0.680442638
26,A,0.030976522
26,G,-0.205259534
26,M,-0.130567688
26,C,-0.471931694
26,V,0.03199688
26,I,-1.186756783
26,L,-0.613199205
26,Y,-0.831688866
26,F,-0.392538686
26,W,-1.648601241
26,Stop,-0.970164835
27,E,0.063181778
27,D,-0.564567594
27,K,0.534511715
27,R,0.250865199
27,H,-0.145735281
27,P,-0.268376677
27,Q,0.192933716
27,N,-0.377539122
27,T,-0.147892304
27,S,0.211613145
27,A,-0.057023284
27,G,-0.812816742
27,M,-0.088355705
27,C,-0.241425636
27,V,-0.362433686
27,I,-0.615045712
27,L,-0.196723515
27,Y,-0.160766991
27,F,-0.305401702
27,W,-0.329758239
27,Stop,-1.65292236
28,E,-1.346424555
28,D,-0.694670912
28,K,-0.921207441
28,R,0.02586101
28,H,0.171850422
28,P,-0.603154928
28,Q,-0.686032418
28,N,-0.687009719
28,T,-0.761401805
28,S,-0.711585282
28,A,-0.715636386
28,G,-0.868983601
28,M,-0.373428409
28,C,-0.570067715
28,V,-0.785686947
28,I,-0.66757638
28,L,0.101641727
28,Y,0.178863212
28,F,0
28,W,0.102192957
28,Stop,-1.120329227
29,E,-0.575710057
29,D,0
29,K,-0.366501221
29,R,-0.865698487
29,H,-1.393684231
29,P,-1.321964504
29,Q,-0.883784882
29,N,-0.611558636
29,T,-1.284240418
29,S,-1.419749236
29,A,-0.981728547
29,G,-0.377255482
29,M,-0.178124691
29,C,-0.98005855
29,V,-0.597680109
29,I,-1.39519144
29,L,0.112971262
29,Y,-0.843146463
29,F,-1.557106786
29,W,-0.590149696
29,Stop,-1.184870045
30,E,-0.587863649
30,D,0.243114639
30,K,0
30,R,0.004177815
30,H,-1.387831347
30,P,-0.032929557
30,Q,-0.229446919
30,N,-1.153201903
30,T,-1.418397003
30,S,-1.260152666
30,A,-0.682508251
30,G,0.208461455
30,M,-0.650845304
30,C,0.171912691
30,V,-0.672039941
30,I,-0.018258657
30,L,-1.082929417
30,Y,-0.50942848
30,F,-0.463286908
30,W,-0.740828114
30,Stop,-1.474580358
31,E,0
31,D,0.005197567
31,K,0.072686039
31,R,0.036497937
31,H,0.027430151
31,P,-0.416167051
31,Q,0.226096895
31,N,-0.194454386
31,T,-0.108558168
31,S,-0.011578747
31,A,0.674326975
31,G,-0.544392802
31,M,0.086380615
31,C,-0.085735752
31,V,-0.194263373
31,I,-0.02939032
31,L,0.106024029
31,Y,-0.504732826
31,F,-0.259970667
31,W,-0.741052072
31,Stop,-1.11967292
32,E,-0.992073741
32,D,-0.310034068
32,K,-0.341894113
32,R,-0.081696314
32,H,-0.311634117
32,P,-1.145558779
32,Q,0.493735975
32,N,-0.388827044
32,T,0.094778663
32,S,-1.031852742
32,A,-0.738080781
32,G,-1.660892842
32,M,0.308013517
32,C,-0.340223182
32,V,0.319281848
32,I,0.328558149
32,L,0.526453465
32,Y,-0.987259132
32,F,-0.697441127
32,W,-1.48309626
32,Stop,-0.997016013
33,E,-0.754625303
33,D,-1.182665058
33,K,-0.80385337
33,R,-0.798334448
33,H,-1.44481196
33,P,-1.940534392
33,Q,-1.666579674
33,N,-0.960097848
33,T,-0.934395959
33,S,-0.833236793
33,A,-0.920007356
33,G,-1.715385776
33,M,-0.998301548
33,C,-0.690588919
33,V,-0.56794994
33,I,-0.741964706
33,L,-0.522946639
33,Y,-0.799706661
33,F,0
33,W,-0.802597109
33,Stop,-1.132888968
34,E,-0.688219488
34,D,-0.473016902
34,K,0
34,R,0.10299661
34,H,-0.210247419
34,P,-0.518939267
34,Q,-0.341421787
34,N,-0.737466715
34,T,-0.488616563
34,S,-0.605809929
34,A,-1.093418036
34,G,-1.138456215
34,M,-0.349193809
34,C,-0.685613597
34,V,-0.370934482
34,I,-0.742036176
34,L,-0.27938678
34,Y,-0.407737259
34,F,-1.036854148
34,W,-0.967205661
34,Stop,-0.972958562
35,E,-0.917788956
35,D,-0.762308707
35,K,0.135292117
35,R,-0.123046787
35,H,0.218835091
35,P,-1.235357118
35,Q,0.168475898
35,N,0.235786927
35,T,0.414668283
35,S,0
35,A,0.298003722
35,G,-0.297214335
35,M,0.202270989
35,C,0.093655133
35,V,0.035067032
35,I,-0.253490795
35,L,0.007405748
35,Y,-0.301561645
35,F,-0.307596218
35,W,-0.594493202
35,Stop,-1.586253921
36,E,-0.649508789
36,D,-1.477002484
36,K,-1.383758756
36,R,-0.993570958
36,H,-0.983028774
36,P,-1.47848101
36,Q,-1.33951356
36,N,-0.494310302
36,T,-0.422894692
36,S,-1.789417043
36,A,-1.141156244
36,G,-1.871891137
36,M,-0.356800046
36,C,-1.723008359
36,V,-0.958559443
36,I,0
36,L,-0.335263144
36,Y,-1.546981763
36,F,-0.735670537
36,W,-1.820916003
36,Stop,-1.538504288
37,E,-0.575677625
37,D,-1.010216461
37,K,-0.986539424
37,R,-0.65360528
37,H,-1.580913746
37,P,-1.038194648
37,Q,-0.425873745
37,N,#NUM!
37,T,0.002695548
37,S,0.226715919
37,A,-0.184433553
37,G,-0.675941761
37,M,-1.532686213
37,C,-0.040159665
37,V,0.40583776
37,I,0.043031253
37,L,0.010224897
37,Y,-0.430771996
37,F,-0.230302991
37,W,-0.279012237
37,Stop,-1.200019292
38,E,0.370093265
38,D,0.169469635
38,K,0.117570171
38,R,0.394657077
38,H,-0.135724037
38,P,0.088217833
38,Q,0.248018796
38,N,0.191272294
38,T,0.145837586
38,S,#DIV/0!
38,A,0.409863563
38,G,0.093395131
38,M,0.154600675
38,C,-0.062996956
38,V,-0.381935045
38,I,-0.163717354
38,L,0.027427991
38,Y,-0.152842003
38,F,-0.697116025
38,W,-0.509892596
38,Stop,-1.686390654
39,E,-1.120590757
39,D,-0.907377362
39,K,0
39,R,0.652057627
39,H,-1.177916582
39,P,-1.185825256
39,Q,-0.666493965
39,N,-0.665255004
39,T,-1.044956919
39,S,-0.422278491
39,A,-0.715501712
39,G,-0.817917732
39,M,-1.472808057
39,C,-1.044939614
39,V,-0.736085495
39,I,-0.870167348
39,L,-1.336615852
39,Y,-1.717732196
39,F,-0.633692239
39,W,-0.371969017
39,Stop,-1.557875721
40,E,-0.922295994
40,D,-0.381173433
40,K,-0.258556167
40,R,-0.23699776
40,H,-0.172209385
40,P,-1.113326943
40,Q,-0.618868169
40,N,0.062573808
40,T,-0.735084991
40,S,-0.450143647
40,A,0.044347444
40,G,0
40,M,-0.816519001
40,C,-0.548909547
40,V,-0.575358575
40,I,-1.320322138
40,L,-0.353999485
40,Y,-1.538465912
40,F,-0.356011279
40,W,-1.429052367
40,Stop,-0.945335026
41,E,-1.420008123
41,D,-1.109355821
41,K,0.010890756
41,R,0.268540514
41,H,-0.372575596
41,P,-1.010518959
41,Q,-0.354013061
41,N,-0.585802995
41,T,-0.526790001
41,S,-0.694159271
41,A,-0.744280156
41,G,-0.861110268
41,M,-0.21799645
41,C,-0.826212936
41,V,-0.954222036
41,I,-0.628646273
41,L,0.046550698
41,Y,-1.272705166
41,F,-0.854891922
41,W,0.094738497
41,Stop,-0.992328572
42,E,-1.803503201
42,D,-1.532455092
42,K,-0.466106383
42,R,-0.499525245
42,H,-0.916849721
42,P,-0.82141774
42,Q,-0.913736244
42,N,-0.75583724
42,T,-0.645925882
42,S,-1.324128671
42,A,-1.418177109
42,G,-1.60790541
42,M,-1.078938454
42,C,-1.581454959
42,V,-0.247705365
42,I,0
42,L,-0.217080992
42,Y,-1.277084264
42,F,-0.727571839
42,W,-0.645623673
42,Stop,-1.832455515
43,E,-0.912083478
43,D,-1.580913746
43,K,-1.405231608
43,R,-1.91691052
43,H,-1.581034916
43,P,0
43,Q,-1.118555883
43,N,-0.36257499
43,T,-1.043718106
43,S,-0.552272563
43,A,-0.379010208
43,G,-1.148447364
43,M,-2.316598831
43,C,-0.852911294
43,V,-0.867433659
43,I,-1.30858159
43,L,-1.21801715
43,Y,-2.098602528
43,F,-1.800874128
43,W,-1.389752252
43,Stop,-1.588502201
44,E,-1.334835859
44,D,-1.330190193
44,K,-1.534402893
44,R,-1.038490239
44,H,0
44,P,-1.240808931
44,Q,-0.893019822
44,N,-0.661056267
44,T,-0.916421406
44,S,-0.737540749
44,A,-0.885335039
44,G,-0.97914899
44,M,-0.94094893
44,C,-0.944975655
44,V,-1.567876288
44,I,-2.067568294
44,L,-0.669139301
44,Y,-0.125780657
44,F,-0.88323332
44,W,-1.496284181
44,Stop,-1.99083951
45,E,-1.967288208
45,D,-1.074432015
45,K,#NUM!
45,R,-0.333300633
45,H,-0.942069257
45,P,-1.664478307
45,Q,-1.332997727
45,N,-0.544016567
45,T,-0.20750656
45,S,-1.575180402
45,A,-1.694072175
45,G,-1.678885926
45,M,0.86941664
45,C,-0.415333706
45,V,-0.096958859
45,I,0
45,L,0.61434434
45,Y,-1.216776379
45,F,-0.79685023
45,W,-1.21316918
45,Stop,-1.655026971
46,E,-1.072550873
46,D,-0.577794106
46,K,-1.330296378
46,R,-0.877148242
46,H,-1.723376862
46,P,-1.750372113
46,Q,-1.658702934
46,N,-0.565477617
46,T,-0.487337716
46,S,-1.381230099
46,A,-0.391593519
46,G,-1.233716893
46,M,-0.56765669
46,C,-0.797483141
46,V,-0.001136374
46,I,0
46,L,0.355058836
46,Y,-1.005281515
46,F,-0.839862652
46,W,-1.599632884
46,Stop,-0.184858216
47,E,-1.834224909
47,D,-0.662687399
47,K,-1.602821594
47,R,-0.397232283
47,H,-1.004750758
47,P,-1.799905285
47,Q,-1.914958131
47,N,-0.450982251
47,T,-1.489997221
47,S,-1.847417368
47,A,-0.771679003
47,G,-1.27630929
47,M,-0.746818062
47,C,#NUM!
47,V,-0.731591137
47,I,-0.19335713
47,L,-0.034592479
47,Y,-1.250147882
47,F,-0.465055579
47,W,-0.747719875
47,Stop,-1.292082758
48,E,-0.483619384
48,D,-0.916408164
48,K,-0.876545062
48,R,-0.73066208
48,H,0
48,P,-0.579740706
48,Q,-0.512363474
48,N,0.0764656
48,T,-0.479296296
48,S,-0.45092812
48,A,-0.237429745
48,G,-1.974560858
48,M,-1.157269934
48,C,0.051402801
48,V,0.697323586
48,I,-0.760405923
48,L,-1.026247405
48,Y,-0.493227727
48,F,-0.405498487
48,W,#DIV/0!
48,Stop,-0.708147224
49,E,-1.148312122
49,D,-1.202388303
49,K,-1.284948
49,R,-1.090015428
49,H,-1.770120266
49,P,-1.254096025
49,Q,#NUM!
49,N,-2.013067855
49,T,-0.719893254
49,S,0
49,A,-1.379735535
49,G,-0.76442388
49,M,-0.159717282
49,C,-0.8565718
49,V,-0.699733464
49,I,#NUM!
49,L,-0.141657683
49,Y,-0.603883112
49,F,-0.458313342
49,W,-1.013045698
49,Stop,-1.086801352
50,E,-0.392851607
50,D,0.260568733
50,K,0.558215873
50,R,0.447191775
50,H,0.033916327
50,P,-0.087926859
50,Q,0.522462268
50,N,0.376522714
50,T,0.138325443
50,S,-0.030547491
50,A,0.01139126
50,G,0.263171032
50,M,0.076335253
50,C,-0.441267369
50,V,0.266052943
50,I,0.183247995
50,L,0.320884556
50,Y,#NUM!
50,F,-1.408367768
50,W,#NUM!
50,Stop,-1.527977671
51,E,-0.633885982
51,D,-1.547642415
51,K,#NUM!
51,R,-1.459596785
51,H,-0.833458337
51,P,#NUM!
51,Q,-0.234287503
51,N,#NUM!
51,T,0.254339751
51,S,0
51,A,#NUM!
51,G,#NUM!
51,M,-0.159889202
51,C,0.706168874
51,V,-0.302451208
51,I,-0.605386913
51,L,#NUM!
51,Y,-0.90015049
51,F,-0.465638836
51,W,-0.559829393
51,Stop,-1.620193082
52,E,-0.702908269
52,D,-1.7300871
52,K,-1.024941005
52,R,-2.280014018
52,H,-1.851265688
52,P,0
52,Q,-0.922480158
52,N,#NUM!
52,T,-0.212838669
52,S,#NUM!
52,A,-1.737511118
52,G,-1.334658049
52,M,-1.594385818
52,C,-1.444533039
52,V,#NUM!
52,I,-1.730264541
52,L,-1.812054492
52,Y,#NUM!
52,F,-1.478984022
52,W,#NUM!
52,Stop,-1.762274912
53,E,-0.708254574
53,D,-0.748890013
53,K,#NUM!
53,R,-1.730795995
53,H,-1.688996322
53,P,-2.227763815
53,Q,-0.48382147
53,N,-2.064558213
53,T,#NUM!
53,S,-1.613703177
53,A,-1.180557991
53,G,-0.085847724
53,M,-1.03909507
53,C,-2.076215497
53,V,-1.903919342
53,I,#NUM!
53,L,-1.867618093
53,Y,-1.423998132
53,F,-1.611800389
53,W,-1.14208119
53,Stop,-2.13903596
54,E,-1.548300797
54,D,#NUM!
54,K,-0.893104014
54,R,-0.109290225
54,H,#NUM!
54,P,-1.425888344
54,Q,-1.968647727
54,N,-1.51776199
54,T,-0.008706105
54,S,-2.074435591
54,A,-0.425348896
54,G,-1.691968388
54,M,-1.629085364
54,C,-1.59877278
54,V,#NUM!
54,I,-1.49739881
54,L,-0.949947229
54,Y,-1.840262045
54,F,-2.011982085
54,W,-1.874248672
54,Stop,-1.476126887
55,E,#NUM!
55,D,-0.561455971
55,K,#NUM!
55,R,-1.626586743
55,H,-1.874852679
55,P,-1.626553716
55,Q,#NUM!
55,N,#NUM!
55,T,-1.705310193
55,S,#NUM!
55,A,-1.828469024
55,G,0
55,M,-1.435883228
55,C,-0.698634092
55,V,-0.988585748
55,I,#NUM!
55,L,-1.278509829
55,Y,-1.600027715
55,F,-1.852263804
55,W,-1.562191049
55,Stop,-1.035061963
56,E,-0.840832421
56,D,-1.605830611
56,K,0
56,R,-1.985173046
56,H,-1.025967117
56,P,-2.01980025
56,Q,-1.28951385
56,N,-1.165579471
56,T,#NUM!
56,S,-2.061828458
56,A,-1.798513665
56,G,-0.882998015
56,M,#NUM!
56,C,-1.982298241
56,V,-2.030901821
56,I,-1.498674057
56,L,-1.246983956
56,Y,-1.33564074
56,F,-1.436481122
56,W,-1.414452587
56,Stop,-1.391905642
57,E,#NUM!
57,D,-1.842301409
57,K,-0.858031089
57,R,-1.344652429
57,H,-1.872600493
57,P,-0.919209366
57,Q,-1.28440098
57,N,-1.287409869
57,T,-0.356487409
57,S,-1.13442953
57,A,-1.099690391
57,G,-1.806894853
57,M,-2.248431685
57,C,-1.364449893
57,V,-1.571416614
57,I,-1.594412831
57,L,-1.646371694
57,Y,-1.332363417
57,F,-1.966609467
57,W,#NUM!
57,Stop,-1.917856386
58,E,-1.590543846
58,D,-1.962898309
58,K,#NUM!
58,R,-2.022208966
58,H,-1.209058692
58,P,#NUM!
58,Q,-1.93671804
58,N,-1.004290066
58,T,0
58,S,0.576602756
58,A,-0.489482416
58,G,-0.448681494
58,M,-2.03477141
58,C,-0.530524548
58,V,-1.482082459
58,I,-0.601244845
58,L,-1.4860685
58,Y,-0.291346524
58,F,#NUM!
58,W,-1.618284834
58,Stop,-1.988169867
59,E,-0.867969188
59,D,-1.078792397
59,K,#NUM!
59,R,-1.115394199
59,H,-2.026607397
59,P,-1.857536794
59,Q,#NUM!
59,N,-1.397208029
59,T,-1.611007237
59,S,#NUM!
59,A,-0.085929773
59,G,-1.490090563
59,M,#NUM!
59,C,-0.716177069
59,V,-0.245563034
59,I,-1.553638659
59,L,#NUM!
59,Y,-1.65010754
59,F,-1.278329366
59,W,-0.900160086
59,Stop,-1.399576735
60,E,-1.08489052
60,D,-1.765534115
60,K,#NUM!
60,R,-1.770386618
60,H,-1.793914415
60,P,-1.358057043
60,Q,-1.260737062
60,N,-1.410699147
60,T,#NUM!
60,S,-2.006073226
60,A,0
60,G,-1.962411378
60,M,0.071375775
60,C,-2.126586743
60,V,-1.764219751
60,I,-1.29065135
60,L,-1.407075426
60,Y,-2.070462827
60,F,#NUM!
60,W,-1.606538193
60,Stop,-0.730546615
61,E,-0.931433878
61,D,-2.125021599
61,K,0
61,R,1.613511715
61,H,-1.283744709
61,P,-1.933106438
61,Q,-1.150361252
61,N,-0.712748808
61,T,-1.576566592
61,S,-1.791807039
61,A,-1.73505052
61,G,-0.997440064
61,M,-0.098651361
61,C,-1.178269933
61,V,-0.88153707
61,I,-0.975897204
61,L,0.381625769
61,Y,-0.95986962
61,F,-1.015817151
61,W,-1.085508293
61,Stop,-0.75646054
62,E,-1.02477875
62,D,-2.387063322
62,K,-0.790391344
62,R,-1.441777856
62,H,-1.106967259
62,P,-1.317070097
62,Q,-1.460428123
62,N,-0.567070968
62,T,-1.913054122
62,S,-1.726409033
62,A,0
62,G,-1.216584009
62,M,-0.937184145
62,C,-0.258331646
62,V,-1.705822084
62,I,-1.158196997
62,L,-1.387678676
62,Y,-1.7300871
62,F,-1.221207839
62,W,#NUM!
62,Stop,-1.612572382
63,E,#NUM!
63,D,-2.142750366
63,K,#NUM!
63,R,-1.506742686
63,H,-1.735989054
63,P,-1.94031101
63,Q,-1.319387317
63,N,-0.650605298
63,T,-1.97706134
63,S,#NUM!
63,A,-1.832859433
63,G,-1.843236064
63,M,-0.585310706
63,C,-0.956807969
63,V,-0.661736057
63,I,-0.512535424
63,L,#DIV/0!
63,Y,-1.215943599
63,F,-0.835237881
63,W,-0.880554731
63,Stop,-1.438900443
64,E,-0.64700171
64,D,-2.216072738
64,K,-0.992621065
64,R,-0.992060989
64,H,-1.244255904
64,P,-1.106741947
64,Q,-1.410199654
64,N,-2.008023076
64,T,-2.398344332
64,S,-1.474558003
64,A,-0.77908945
64,G,-1.771460757
64,M,-0.223943288
64,C,0
64,V,-0.323407821
64,I,-0.445495936
64,L,-1.380887291
64,Y,-0.521919713
64,F,-0.987608037
64,W,1.672575098
64,Stop,-1.628441311
65,E,-1.491311198
65,D,-1.620368224
65,K,-0.10588261
65,R,-0.235966217
65,H,0
65,P,-1.477371228
65,Q,-0.336047618
65,N,0.072572044
65,T,-0.716246396
65,S,-0.714852144
65,A,-0.152676066
65,G,-1.223282608
65,M,-0.112877326
65,C,-0.600132945
65,V,-0.528669013
65,I,-1.486755143
65,L,-0.173741084
65,Y,-0.57466286
65,F,-0.774726057
65,W,-1.587353694
65,Stop,-1.267198027
66,E,0.528924609
66,D,0
66,K,-1.7300871
66,R,-2.023283069
66,H,-0.930143319
66,P,-1.922525474
66,Q,-1.607783179
66,N,-0.913606833
66,T,-1.111937333
66,S,-0.998138024
66,A,-0.23661581
66,G,-0.816049676
66,M,-1.257443267
66,C,-1.535245703
66,V,-1.066247053
66,I,-1.770477077
66,L,-1.454570666
66,Y,-0.5942995
66,F,-0.548047548
66,W,-1.867618093
66,Stop,-1.314372581
67,E,-0.639383674
67,D,#NUM!
67,K,-2.258824719
67,R,-1.538849827
67,H,-1.527737103
67,P,-2.30386346
67,Q,-0.367648866
67,N,-1.125649398
67,T,0.213171181
67,S,-0.639296672
67,A,-0.284440465
67,G,-1.106196816
67,M,-0.795358267
67,C,0.141880637
67,V,0.095139018
67,I,-0.214757506
67,L,-0.902646031
67,Y,-1.31853069
67,F,-0.621064209
67,W,-1.341143903
67,Stop,-2.04015892
68,E,-0.748947928
68,D,-0.015701211
68,K,-0.026395217
68,R,-0.252347169
68,H,-0.448069144
68,P,-2.346870348
68,Q,-0.256188919
68,N,0
68,T,-0.455764277
68,S,-0.858139144
68,A,-0.872424453
68,G,0.458105694
68,M,-0.937588371
68,C,-0.709712718
68,V,-1.692988659
68,I,-0.570617831
68,L,-2.083659448
68,Y,-1.193064854
68,F,-1.849915578
68,W,-0.555554628
68,Stop,-1.960500616
69,E,-1.761530612
69,D,-0.976016446
69,K,-2.467670824
69,R,-1.73505052
69,H,-1.563048081
69,P,-1.340217615
69,Q,-1.286840295
69,N,-1.002079421
69,T,-0.841734493
69,S,-0.493331187
69,A,-0.151936211
69,G,0.418359594
69,M,#NUM!
69,C,-0.907932827
69,V,0.015833648
69,I,-0.715292711
69,L,-1.95081495
69,Y,-1.312183118
69,F,-1.69635535
69,W,-0.591582249
69,Stop,-1.537134644
70,E,0.45320245
70,D,0
70,K,0.229339947
70,R,-0.890847933
70,H,0.409610623
70,P,-1.672857069
70,Q,0.620753092
70,N,0.103804315
70,T,-0.620358278
70,S,-0.519155578
70,A,-1.381848281
70,G,-1.110516917
70,M,-0.699227308
70,C,-0.441575802
70,V,-0.391418208
70,I,-0.913608776
70,L,-0.047168448
70,Y,-0.322992219
70,F,-1.115395186
70,W,-2.245412707
70,Stop,-2.165294446
71,E,-1.997611423
71,D,-0.907949887
71,K,-0.555906797
71,R,-0.00571989
71,H,-1.384427109
71,P,-1.829945581
71,Q,-1.428459725
71,N,-1.499641426
71,T,-1.165091139
71,S,-1.584785091
71,A,-1.456406859
71,G,0.020668994
71,M,0
71,C,-0.452409098
71,V,-1.217054329
71,I,-0.666400064
71,L,-0.538252606
71,Y,-0.11696888
71,F,-0.561034411
71,W,-0.8653083
71,Stop,-2.526565732
72,E,-1.429765999
72,D,-0.989359203
72,K,-0.339384105
72,R,-1.96520904
72,H,-1.620568474
72,P,-2.06029051
72,Q,#NUM!
72,N,-1.914043215
72,T,-1.502121122
72,S,-0.964681576
72,A,-2.161914706
72,G,#NUM!
72,M,0
72,C,-1.502615445
72,V,-0.732526261
72,I,-0.631565785
72,L,-0.238145062
72,Y,-0.830489129
72,F,-0.608884374
72,W,-1.570462827
72,Stop,-1.431889523
73,E,-2.297218466
73,D,-1.906178359
73,K,-1.4933559
73,R,#NUM!
73,H,-0.640757372
73,P,-2.173702682
73,Q,-0.159353722
73,N,-1.336275699
73,T,-0.883263486
73,S,-0.53290196
73,A,-1.459083434
73,G,-1.703064747
73,M,-2.059854714
73,C,-1.2209734
73,V,-0.608326955
73,I,-1.054220662
73,L,-2.189747047
73,Y,-0.446463353
73,F,0
73,W,-2.13267793
73,Stop,-1.509037705
74,E,-1.869222552
74,D,-1.464218403
74,K,-1.748955977
74,R,#NUM!
74,H,-1.537992858
74,P,-1.533814612
74,Q,-0.49566977
74,N,-1.620706433
74,T,#NUM!
74,S,-1.236104649
74,A,-0.078876744
74,G,-1.702820292
74,M,-0.615283562
74,C,-0.499710562
74,V,-0.325140593
74,I,-1.207194662
74,L,-1.208454538
74,Y,-1.522364228
74,F,-1.741936337
74,W,#NUM!
74,Stop,-1.856012773
75,E,#NUM!
75,D,-1.08485452
75,K,-0.959592253
75,R,-1.948257783
75,H,0.112242803
75,P,0.165191489
75,Q,-0.797381206
75,N,0
75,T,-1.465477096
75,S,-1.522066153
75,A,-0.841309717
75,G,0.921983873
75,M,0.302840798
75,C,-1.51890754
75,V,-1.419299407
75,I,-1.114373928
75,L,-1.644530271
75,Y,-1.170578248
75,F,-1.61379199
75,W,-1.378318239
75,Stop,-1.82847462
76,E,-1.658155604
76,D,-2.243124558
76,K,-1.722533962
76,R,-1.585773682
76,H,-1.09913678
76,P,-1.328202145
76,Q,-1.924541003
76,N,-1.539041595
76,T,-1.812429703
76,S,-2.06555774
76,A,#NUM!
76,G,-0.215930654
76,M,-1.142848689
76,C,-2.004560283
76,V,-1.676920614
76,I,-0.647056595
76,L,-1.875774803
76,Y,-1.870331471
76,F,-1.017991048
76,W,-1.064417277
76,Stop,-1.935668655
77,E,-1.407431403
77,D,-2.002873098
77,K,-2.121860241
77,R,-1.928080201
77,H,-1.810300615
77,P,-0.894602734
77,Q,-1.770988969
77,N,-1.534127153
77,T,-1.847552573
77,S,-0.034795111
77,A,-1.353684104
77,G,-0.594307635
77,M,-1.891328114
77,C,-1.783869526
77,V,-0.733529346
77,I,-1.799980486
77,L,-1.647227787
77,Y,-0.68605693
77,F,-1.011826502
77,W,-1.866085212
77,Stop,-0.750326021
78,E,-1.172642308
78,D,0
78,K,-2.333458337
78,R,-1.756693718
78,H,-1.049387761
78,P,-2.082206918
78,Q,-2.133976441
78,N,-0.44642784
78,T,#NUM!
78,S,-1.757996114
78,A,0.095495875
78,G,-1.102321708
78,M,-1.02910337
78,C,-0.368059663
78,V,-1.086444844
78,I,-1.441195461
78,L,-1.812674757
78,Y,-0.861377482
78,F,-2.094521436
78,W,-1.996042884
78,Stop,-2.120408908
79,E,-1.580206432
79,D,-1.498480292
79,K,-1.395325355
79,R,-1.059559477
79,H,-1.712254323
79,P,-1.114818148
79,Q,-2.10617872
79,N,-1.420006162
79,T,-1.019759151
79,S,-0.971608116
79,A,-1.063371837
79,G,-1.689899447
79,M,-1.736698651
79,C,0
79,V,-0.400630835
79,I,-1.419620508
79,L,-1.891450702
79,Y,-0.779121939
79,F,-1.114991702
79,W,-1.328107843
79,Stop,-1.986670851
80,E,-1.038397822
80,D,-1.413200137
80,K,0
80,R,0.514083039
80,H,-2.127772201
80,P,-1.660368852
80,Q,-1.62709775
80,N,-0.910220821
80,T,-2.148466859
80,S,-1.458532291
80,A,-1.490883245
80,G,-1.888643374
80,M,-1.49051578
80,C,#NUM!
80,V,-0.294281025
80,I,-1.078136193
80,L,0.617494952
80,Y,-0.700580805
80,F,-1.956617586
80,W,-1.862275587
80,Stop,-1.56555774
81,E,#NUM!
81,D,-2.011982085
81,K,#NUM!
81,R,-2.034844968
81,H,#NUM!
81,P,-1.689056112
81,Q,-1.456543331
81,N,-1.581005075
81,T,-0.962381555
81,S,-1.775064845
81,A,#NUM!
81,G,-1.894606806
81,M,-0.647281895
81,C,-1.865944509
81,V,-1.304661916
81,I,0
81,L,0.420577096
81,Y,-1.871492823
81,F,-1.275807885
81,W,-2.249219078
81,Stop,-1.749766013
82,E,-1.137154394
82,D,0
82,K,-1.33112572
82,R,-1.688194939
82,H,-1.540549248
82,P,-1.43884211
82,Q,-1.79614748
82,N,-0.72760099
82,T,-0.991344162
82,S,-0.331008312
82,A,#NUM!
82,G,-0.864599115
82,M,-1.428927965
82,C,-1.638756964
82,V,-1.107817881
82,I,-1.843708991
82,L,-0.904886592
82,Y,-0.802843019
82,F,#NUM!
82,W,-2.073821026
82,Stop,-1.578278492
83,E,-2.030095725
83,D,#NUM!
83,K,-1.194770708
83,R,-2.271545659
83,H,-1.83112572
83,P,-2.430529016
83,Q,-1.851606124
83,N,-1.728795333
83,T,-1.64439855
83,S,-0.555592865
83,A,-1.761031914
83,G,-1.607980782
83,M,-0.770514184
83,C,-1.454676776
83,V,-1.945582423
83,I,-1.729957961
83,L,-1.814372581
83,Y,-0.903480843
83,F,-0.088392703
83,W,-1.066883679
83,Stop,-1.524759138
84,E,-1.933415404
84,D,-0.757859235
84,K,-2.111007237
84,R,-2.318841625
84,H,-1.615932304
84,P,-1.962294301
84,Q,-1.355025837
84,N,#NUM!
84,T,-1.669601952
84,S,-1.819620554
84,A,#NUM!
84,G,-0.967787081
84,M,-0.276955983
84,C,-0.493780906
84,V,0
84,I,-0.152468443
84,L,-1.32787562
84,Y,-1.252603068
84,F,-1.189963572
84,W,-1.907208716
84,Stop,-1.427238095
85,E,#NUM!
85,D,-0.998993479
85,K,-1.685674556
85,R,0
85,H,-0.528690599
85,P,-1.714636829
85,Q,-2.07584282
85,N,-2.01813309
85,T,-2.381040597
85,S,-1.157816712
85,A,-1.758915178
85,G,-1.579313747
85,M,-0.65124985
85,C,-0.658451008
85,V,-2.47795061
85,I,-1.646282694
85,L,#NUM!
85,Y,-1.837333408
85,F,-1.596992875
85,W,-2.056478083
85,Stop,-2.357508078
86,E,-1.508456925
86,D,-0.677774954
86,K,-0.750927585
86,R,-1.650905854
86,H,-0.713681605
86,P,-1.944939402
86,Q,-2.718437334
86,N,-1.835279831
86,T,-1.769548584
86,S,-1.962143187
86,A,-0.470480435
86,G,0
86,M,-1.329631929
86,C,-0.913547479
86,V,-0.114546016
86,I,-1.594378861
86,L,-0.683931534
86,Y,-0.210251834
86,F,#NUM!
86,W,-1.324754826
86,Stop,-2.014849901
87,E,-1.375037717
87,D,-1.551672556
87,K,-1.698046678
87,R,-1.744900816
87,H,-0.586277574
87,P,-0.237465149
87,Q,-0.800777625
87,N,-1.683906133
87,T,-0.735864289
87,S,-0.477934535
87,A,-0.40145096
87,G,-0.703551196
87,M,-1.504118729
87,C,-1.307601187
87,V,-1.224504388
87,I,-1.547204538
87,L,#NUM!
87,Y,-0.525588459
87,F,-1.999187408
87,W,-1.901364314
87,Stop,-1.319316986
88,E,-2.12949902
88,D,-1.696154509
88,K,-2.210595789
88,R,-1.591983894
88,H,-2.335874964
88,P,-2.189306789
88,Q,-2.126526954
88,N,-1.904280197
88,T,-1.862071635
88,S,-1.230168906
88,A,-0.961327708
88,G,-1.675367667
88,M,-0.70842884
88,C,#NUM!
88,V,-1.484302336
88,I,-0.860806143
88,L,-0.134555157
88,Y,-1.229908452
88,F,-0.960408783
88,W,-0.955615698
88,Stop,-1.108825757
89,E,-1.423998132
89,D,-1.529406517
89,K,-1.029218934
89,R,-1.101257757
89,H,-0.401342768
89,P,-1.381887454
89,Q,-1.888748233
89,N,-0.547827555
89,T,0
89,S,-0.80581313
89,A,-1.835260399
89,G,#NUM!
89,M,-1.605587083
89,C,-2.275536596
89,V,-1.20132668
89,I,-0.676355104
89,L,-1.4101125
89,Y,-0.546188066
89,F,-1.643352716
89,W,-1.561419859
89,Stop,-1.872446609
90,E,-0.637063478
90,D,-0.63451423
90,K,-1.052702231
90,R,-0.453720714
90,H,-0.266210702
90,P,-1.594992213
90,Q,0.715791183
90,N,0
90,T,-0.213801566
90,S,0.396059558
90,A,0.337455005
90,G,-0.712441103
90,M,-0.318196278
90,C,-0.475085251
90,V,-0.725482435
90,I,-1.035752123
90,L,-0.271918735
90,Y,-1.046156921
90,F,-1.145924256
90,W,-0.60785311
90,Stop,-1.978492828
91,E,-1.495119925
91,D,#NUM!
91,K,-1.407915902
91,R,-1.079366768
91,H,-1.097477798
91,P,-0.884491304
91,Q,-1.660274899
91,N,-1.608568076
91,T,-1.928927965
91,S,-0.254710627
91,A,-0.741016498
91,G,-2.272510142
91,M,0.357865895
91,C,-1.388116833
91,V,-1.790891072
91,I,-0.969382846
91,L,-2.237974113
91,Y,-0.749665523
91,F,0
91,W,-0.509682491
91,Stop,-1.580953554
92,E,-1.649702406
92,D,#NUM!
92,K,#NUM!
92,R,-1.631641192
92,H,#NUM!
92,P,-2.059854714
92,Q,-1.9045112
92,N,-1.527951338
92,T,-1.59558407
92,S,-1.112311811
92,A,-0.052704074
92,G,-1.676411685
92,M,-1.723733674
92,C,-1.7769272
92,V,-1.767198027
92,I,-0.846905145
92,L,#NUM!
92,Y,-1.087459582
92,F,-1.186196497
92,W,#NUM!
92,Stop,-1.311005889
93,E,-1.898360195
93,D,-0.907553376
93,K,-1.100495326
93,R,-1.757647582
93,H,-1.831888737
93,P,-1.540960434
93,Q,-1.237748036
93,N,-1.033617196
93,T,-1.154762222
93,S,#DIV/0!
93,A,-0.749111987
93,G,-0.664178142
93,M,-1.167742236
93,C,-1.303394472
93,V,-1.667184998
93,I,-1.240215773
93,L,-1.152488672
93,Y,-1.593328109
93,F,-0.583456721
93,W,-2.004085604
93,Stop,-1.559575718
94,E,-0.97636977
94,D,-1.336664232
94,K,-1.265638475
94,R,-1.642506196
94,H,-1.066740523
94,P,-1.30267047
94,Q,-2.052151951
94,N,-1.863216146
94,T,-0.405554435
94,S,0.297858853
94,A,-0.027473004
94,G,-0.971162039
94,M,-1.790289664
94,C,-0.392503038
94,V,-1.369749093
94,I,-1.873751183
94,L,-1.300740655
94,Y,-1.329971779
94,F,-1.549461681
94,W,-0.73052908
94,Stop,-1.329390713
95,E,-1.765999656
95,D,-0.277323453
95,K,0.709503216
95,R,0.237229855
95,H,-0.470638312
95,P,-1.02404404
95,Q,0.078631294
95,N,-0.044262953
95,T,-0.071781228
95,S,-0.38309344
95,A,-0.140136352
95,G,-0.103729714
95,M,#NUM!
95,C,-1.841449974
95,V,-0.203086955
95,I,-1.008324266
95,L,-1.190477535
95,Y,-0.550317774
95,F,#NUM!
95,W,-1.764219751
95,Stop,-1.744939573
96,E,-1.482064345
96,D,-0.795152528
96,K,-1.66272412
96,R,-1.641826196
96,H,-2.238643489
96,P,-0.672013254
96,Q,-0.917239687
96,N,0.713065398
96,T,0.397478251
96,S,-0.016931255
96,A,0.213178915
96,G,-0.055938185
96,M,-1.534922506
96,C,-0.084291687
96,V,-1.763087379
96,I,-1.180786716
96,L,-1.179643473
96,Y,-1.339725892
96,F,-0.493496135
96,W,#NUM!
96,Stop,-1.909942067
97,E,-1.504953844
97,D,#NUM!
97,K,-0.950764963
97,R,-0.743615317
97,H,-1.168065908
97,P,#DIV/0!
97,Q,-1.669582214
97,N,-1.244539961
97,T,-1.162845073
97,S,-0.58430306
97,A,-1.772792688
97,G,-0.993580337
97,M,0.647413632
97,C,-0.730208927
97,V,0.694240706
97,I,0.39110266
97,L,0.232617342
97,Y,0.220053013
97,F,0
97,W,0.220093259
97,Stop,-2.247507873
98,E,0.161983811
98,D,0
98,K,0.031692709
98,R,0.507313541
98,H,0.390658894
98,P,-1.383763455
98,Q,0.205131988
98,N,0.273226941
98,T,0.266878011
98,S,0.312189357
98,A,-0.166418379
98,G,0.348509798
98,M,-0.374051514
98,C,0.141472007
98,V,-0.406168902
98,I,-1.302349678
98,L,-0.445069073
98,Y,-0.32755824
98,F,-0.763266399
98,W,-1.603159743
98,Stop,#NUM!
99,E,-0.494624838
99,D,-0.453287203
99,K,-0.066116474
99,R,-0.680392418
99,H,-0.461827255
99,P,-1.749156057
99,Q,-1.353552329
99,N,-0.230930525
99,T,-1.262684366
99,S,-0.854489101
99,A,#DIV/0!
99,G,0
99,M,-1.212211151
99,C,-0.702141399
99,V,-0.406015462
99,I,2.194902903
99,L,-1.43718884
99,Y,-1.119510439
99,F,-1.219057592
99,W,-1.485962092
99,Stop,-1.924120487
119,K,NaN
119,R,0.104569806
119,R,0.022221273
119,R,NaN
119,E,NaN
119,D,-2
119,N,-2
119,Q,-2
119,H,-0.545595357
119,T,NaN
119,T,NaN
119,S,-2
119,S,NaN
119,S,NaN
119,C,NaN
119,A,NaN
119,S,NaN
119,V,NaN
119,V,NaN
119,L,NaN
119,L,-2
119,L,NaN
119,I,NaN
119,M,NaN
119,F,NaN
119,Y,NaN
119,W,NaN
119,G,NaN
119,G,NaN
119,P,NaN
119,P,-1.934139528
119,*,NaN
120,K,NaN
120,R,NaN
120,R,NaN
120,R,NaN
120,E,NaN
120,D,NaN
120,N,NaN
120,Q,-0.137347921
120,H,-0.019205065
120,T,NaN
120,T,NaN
120,S,NaN
120,S,NaN
120,S,NaN
120,C,NaN
120,A,NaN
120,S,NaN
120,V,NaN
120,V,NaN
120,L,-2
120,L,NaN
120,L,NaN
120,I,NaN
120,M,NaN
120,F,NaN
120,Y,NaN
120,W,NaN
120,G,NaN
120,G,NaN
120,P,NaN
120,P,NaN
120,*,NaN
121,K,NaN
121,R,NaN
121,R,NaN
121,R,NaN
121,E,NaN
121,D,NaN
121,N,NaN
121,Q,NaN
121,H,NaN
121,T,NaN
121,T,NaN
121,S,NaN
121,S,NaN
121,S,NaN
121,C,NaN
121,A,NaN
121,S,NaN
121,V,NaN
121,V,NaN
121,L,-0.009045427
121,L,0.013454299
121,L,NaN
121,I,NaN
121,M,NaN
121,F,0.082040896
121,Y,NaN
121,W,NaN
121,G,NaN
121,G,NaN
121,P,NaN
121,P,NaN
121,*,NaN
122,K,NaN
122,R,0.044184656
122,R,-0.03792858
122,R,NaN
122,E,NaN
122,D,NaN
122,N,NaN
122,Q,NaN
122,H,NaN
122,T,NaN
122,T,NaN
122,S,NaN
122,S,NaN
122,S,NaN
122,C,NaN
122,A,NaN
122,S,NaN
122,V,NaN
122,V,NaN
122,L,NaN
122,L,NaN
122,L,NaN
122,I,NaN
122,M,NaN
122,F,NaN
122,Y,NaN
122,W,NaN
122,G,NaN
122,G,NaN
122,P,NaN
122,P,NaN
122,*,NaN
123,K,NaN
123,R,NaN
123,R,NaN
123,R,NaN
123,E,NaN
123,D,NaN
123,N,NaN
123,Q,NaN
123,H,NaN
123,T,0.032014089
123,T,NaN
123,S,NaN
123,S,0
123,S,-0.088185648
123,C,0.015360784
123,A,-0.802647767
123,S,NaN
123,V,NaN
123,V,NaN
123,L,-2
123,L,NaN
123,L,NaN
123,I,NaN
123,M,NaN
123,F,0.079161563
123,Y,0.064322278
123,W,NaN
123,G,NaN
123,G,NaN
123,P,0.05504484
123,P,NaN
123,*,NaN
124,K,-2
124,R,-2
124,R,-2
124,R,-2
124,E,-1.93028402
124,D,-1.788111733
124,N,-2
124,Q,-1.86333723
124,H,-1.913594299
124,T,-1.909791575
124,T,-2
124,S,-2
124,S,-1.671721274
124,S,-2
124,C,-1.566702574
124,A,-2
124,S,-1.450487406
124,V,-2
124,V,-1.600489053
124,L,-1.688213221
124,L,-1.726112822
124,L,-1.045853712
124,I,-2
124,M,-2
124,F,0.189964492
124,Y,-1.644781328
124,W,0.381597397
124,G,-2
124,G,-2
124,P,-1.735744058
124,P,-2.014869117
124,*,-1.937583774
125,K,-0.267444106
125,R,-1.409320798
125,R,-2
125,R,-0.61040106
125,E,-2
125,D,-2
125,N,-2.031580995
125,Q,-1.419947725
125,H,-1.998504536
125,T,-1.519943219
125,T,-0.393756918
125,S,-1.772067543
125,S,-1.570217832
125,S,-0.807034729
125,C,-2
125,A,-1.769217453
125,S,-1.64945741
125,V,-1.629998377
125,V,-0.221292982
125,L,-0.894093108
125,L,-0.199440724
125,L,-0.126455904
125,I,-0.659709265
125,M,0
125,F,-1.761879589
125,Y,-1.9442163
125,W,-2
125,G,-1.560212069
125,G,-2
125,P,-1.924499959
125,P,-2
125,*,-1.622514883
126,K,-1.457549727
126,R,-1.970386952
126,R,-2
126,R,-2
126,E,0.014496598
126,D,-0.219020623
126,N,-1.694420908
126,Q,-1.555222756
126,H,-1.601413278
126,T,-1.527067807
126,T,-1.900230337
126,S,-2.011380789
126,S,-1.668400069
126,S,-2
126,C,-2
126,A,-1.437368498
126,S,-2
126,V,-1.27968694
126,V,-2
126,L,-1.668360729
126,L,-2
126,L,-2
126,I,-1.751004051
126,M,-2
126,F,-1.328224028
126,Y,-1.345373046
126,W,-2
126,G,-2
126,G,NaN
126,P,-1.770721439
126,P,-1.555222756
126,*,-1.068474102
127,K,-2
127,R,-2
127,R,-2
127,R,-0.846625352
127,E,-2
127,D,-2
127,N,-2
127,Q,-2
127,H,-1.902927853
127,T,-0.872698217
127,T,-1.367373097
127,S,-0.135823389
127,S,-0.912363133
127,S,-0.736989689
127,C,-1.423109082
127,A,-0.014604905
127,S,-0.287943936
127,V,0.607000685
127,V,-0.513337115
127,L,NaN
127,L,-2
127,L,-2
127,I,-2
127,M,-2
127,F,NaN
127,Y,-2
127,W,-2
127,G,-2
127,G,-1.941849567
127,P,-1.733093921
127,P,-2
127,*,-1.881387459
128,K,-1.891611007
128,R,-1.719424784
128,R,-1.783188734
128,R,-1.578123658
128,E,-1.820668751
128,D,-1.811322163
128,N,-1.683233117
128,Q,-1.837462973
128,H,-1.297274892
128,T,-1.692877515
128,T,-1.706899886
128,S,-1.853505803
128,S,-1.768813517
128,S,-1.843751333
128,C,-1.640193905
128,A,-1.805572149
128,S,-1.675684072
128,V,-1.550745335
128,V,-1.927371743
128,L,-1.759314288
128,L,-1.549901587
128,L,-1.926559276
128,I,-1.800761454
128,M,-1.717923022
128,F,-0.081653894
128,Y,0.274201766
128,W,-1.7164042
128,G,-1.931176704
128,G,-2
128,P,-1.71280033
128,P,-1.486800057
128,*,-1.430005903
129,K,-1.803257215
129,R,-1.595206204
129,R,-1.446778574
129,R,-0.337288574
129,E,-2.102914747
129,D,-1.677828897
129,N,-1.767228168
129,Q,-1.704074334
129,H,-1.768884947
129,T,-1.604729927
129,T,-1.606287821
129,S,0.133478593
129,S,0.240813065
129,S,0.187831532
129,C,-1.148252795
129,A,-1.644680749
129,S,-1.59757816
129,V,-1.464269306
129,V,-1.585938657
129,L,-1.754418838
129,L,-1.55308167
129,L,-1.374607683
129,I,-1.611364592
129,M,-1.773292129
129,F,-1.475829379
129,Y,-1.569810825
129,W,-1.247217316
129,G,-1.919732451
129,G,-1.376223676
129,P,-1.725543229
129,P,-1.54026084
129,*,-1.662640406
130,K,0.125049758
130,R,0.166473068
130,R,-0.141568032
130,R,0.488953834
130,E,-0.77625885
130,D,-1.173553071
130,N,-0.051235683
130,Q,0.672164505
130,H,-0.147414662
130,T,0.494907112
130,T,0.610747432
130,S,0.304647738
130,S,0.351070538
130,S,0.101430374
130,C,-0.149079032
130,A,0.274886069
130,S,0.049132254
130,V,-0.66214512
130,V,-1.003822331
130,L,-1.449974055
130,L,-2
130,L,-2
130,I,-0.835206266
130,M,-0.261453884
130,F,-1.527917992
130,Y,-0.301969356
130,W,-2
130,G,-0.816771162
130,G,-1.323746607
130,P,-0.712549358
130,P,-0.742638904
130,*,-0.522716611
131,K,-1.049637241
131,R,-1.919818586
131,R,-1.789988187
131,R,-1.434670982
131,E,-2
131,D,-0.050072778
131,N,0
131,Q,-1.549015069
131,H,-0.24667645
131,T,-0.160006289
131,T,-2
131,S,-0.052128654
131,S,-1.000560062
131,S,-1.191723392
131,C,-2
131,A,-2
131,S,-2
131,V,-2
131,V,-1.08518598
131,L,-1.323746607
131,L,-2
131,L,-2
131,I,-0.200223894
131,M,-2
131,F,-2
131,Y,-0.011104934
131,W,-2
131,G,-1.355489736
131,G,NaN
131,P,-2.050745335
131,P,-2
131,*,-2
132,K,-1.542721337
132,R,-2
132,R,-1.261277239
132,R,-2
132,E,-2
132,D,-1.48344745
132,N,-2
132,Q,-1.678102592
132,H,-2
132,T,-0.183727925
132,T,-0.207098565
132,S,-1.483125988
132,S,-1.880795601
132,S,-1.468402732
132,C,0.08365067
132,A,-0.922346066
132,S,-1.386818326
132,V,-1.888913491
132,V,-1.64945741
132,L,-2
132,L,-1.499837866
132,L,-0.784155984
132,I,-2
132,M,-1.754192761
132,F,-2
132,Y,-1.524518674
132,W,0.005106319
132,G,-2
132,G,-1.006004734
132,P,-2
132,P,-1.348427415
132,*,-1.749715339
133,K,-2
133,R,-1.214602138
133,R,-2
133,R,-0.164353045
133,E,-2
133,D,-2
133,N,-2.132802952
133,Q,-2
133,H,-2.019842592
133,T,-0.589964983
133,T,-0.886215975
133,S,0.02296447
133,S,0.745091537
133,S,0.48479044
133,C,-0.925878395
133,A,-0.774163685
133,S,-0.633051713
133,V,-2
133,V,-2
133,L,-1.348427415
133,L,-2
133,L,-2
133,I,-1.000560062
133,M,-1.409320798
133,F,-0.307034729
133,Y,-2
133,W,-1.749941417
133,G,-2
133,G,-0.483125988
133,P,-1.913594299
133,P,-1.366756942
133,*,-2
134,K,-2.038533035
134,R,-1.697912417
134,R,-2
134,R,-1.536774054
134,E,-2
134,D,-2
134,N,-1.501617772
134,Q,-1.515015133
134,H,-1.729245074
134,T,-1.888018038
134,T,-1.435444222
134,S,-2
134,S,-2
134,S,-1.587883496
134,C,-1.878916737
134,A,-2
134,S,-2
134,V,-0.392382843
134,V,-0.784155984
134,L,-1.041601956
134,L,-1.512956774
134,L,-1.453162765
134,I,0.038260079
134,M,-1.216913957
134,F,-2
134,Y,-1.633962448
134,W,-2
134,G,-2
134,G,-2
134,P,-2
134,P,-1.593518909
134,*,-1.499837866
135,K,-2
135,R,-1.450487406
135,R,-1.545595357
135,R,-2
135,E,-2
135,D,-1.678453384
135,N,-1.328224028
135,Q,-2
135,H,-2
135,T,-0.784155984
135,T,-2
135,S,-2
135,S,-2
135,S,-1.152132769
135,C,-2
135,A,-2
135,S,-2
135,V,-2
135,V,NaN
135,L,-0.628761068
135,L,-1.011154712
135,L,-2
135,I,-0.042211305
135,M,-0.179398477
135,F,-2
135,Y,-2
135,W,-2
135,G,-2
135,G,-2
135,P,-2
135,P,-2
135,*,-1.599953019
136,K,-1.621250482
136,R,-2
136,R,-2
136,R,-2
136,E,-2
136,D,-2
136,N,-1.919947725
136,Q,-1.693078174
136,H,-1.87662782
136,T,-1.533204853
136,T,-1.647784564
136,S,-2
136,S,-2.006004734
136,S,-2
136,C,-2.006004734
136,A,-1.832340595
136,S,-1.307034729
136,V,-1.874654076
136,V,-2
136,L,-1.414489753
136,L,-1.116091074
136,L,-2
136,I,0.043678488
136,M,0.652017901
136,F,0.175314024
136,Y,-1.518247568
136,W,-2
136,G,-2
136,G,-2
136,P,-1.57149308
136,P,-1.650352864
136,*,-1.767394467
137,K,-1.798260805
137,R,-1.848427415
137,R,-1.507806796
137,R,-1.497742701
137,E,-1.896882421
137,D,-2.156206814
137,N,-1.588808923
137,Q,-1.794295693
137,H,-1.749756091
137,T,0.269327361
137,T,0.303011139
137,S,-1.947451481
137,S,-1.696713751
137,S,-1.521762825
137,C,-1.874607683
137,A,-1.826155087
137,S,-2
137,V,-1.732066693
137,V,-1.724721456
137,L,-1.760916058
137,L,-1.596173887
137,L,-1.566601136
137,I,-1.833551342
137,M,-1.694338827
137,F,-1.785823863
137,Y,-1.912866376
137,W,-2
137,G,-2
137,G,-2
137,P,-1.717286512
137,P,-1.679735386
137,*,-2.306520205
138,K,-2
138,R,-1.386818326
138,R,NaN
138,R,-2
138,E,-2
138,D,-1.687245971
138,N,-2
138,Q,NaN
138,H,-1.608064725
138,T,-1.380098747
138,T,-1.390693397
138,S,-0.823746607
138,S,-1.560306572
138,S,-1.281458468
138,C,0.195364712
138,A,0.043852474
138,S,-0.171797854
138,V,-0.98344745
138,V,-2
138,L,0.319050644
138,L,-2
138,L,-2
138,I,-2
138,M,-1.597069341
138,F,-2
138,Y,-2
138,W,NaN
138,G,-1.537483651
138,G,NaN
138,P,-1.618712395
138,P,-2
138,*,NaN
139,K,-0.952105056
139,R,-2
139,R,-2
139,R,-2
139,E,-2
139,D,-2
139,N,-0.015713169
139,Q,-1.770822557
139,H,-2
139,T,-2
139,T,-2
139,S,-2
139,S,-2
139,S,-2
139,C,NaN
139,A,-2
139,S,-2
139,V,NaN
139,V,NaN
139,L,NaN
139,L,NaN
139,L,-2
139,I,-2
139,M,-2
139,F,NaN
139,Y,NaN
139,W,NaN
139,G,-2
139,G,-2
139,P,-2
139,P,-1.435273332
139,*,-1.816662129
140,K,-1.270956134
140,R,-1.398165407
140,R,-1.489028644
140,R,-1.914244699
140,E,-1.383601962
140,D,-0.17621807
140,N,0.191029425
140,Q,-1.58615323
140,H,-1.723599248
140,T,-1.859462577
140,T,-1.847711384
140,S,-1.487297012
140,S,-1.497516529
140,S,-1.573882435
140,C,-1.435804792
140,A,-1.610338539
140,S,-1.628766551
140,V,-1.354307725
140,V,-1.720977721
140,L,-1.816447368
140,L,-1.616045361
140,L,-1.833291925
140,I,-1.757342413
140,M,-1.714348364
140,F,-1.727589272
140,Y,-0.741296993
140,W,-1.400511226
140,G,-1.871492719
140,G,-1.710350794
140,P,-1.721686616
140,P,-2
140,*,-1.629915044
141,K,-1.62664001
141,R,-1.605190705
141,R,-1.615984015
141,R,-2.083142796
141,E,-1.989028644
141,D,-2
141,N,-1.776220353
141,Q,-1.688213221
141,H,-1.895540832
141,T,-2.011956555
141,T,-1.770463084
141,S,-1.785444696
141,S,-1.802980935
141,S,-1.825823858
141,C,-2.005734338
141,A,-1.692235702
141,S,-1.856037991
141,V,-0.578328044
141,V,-0.645917529
141,L,1.029757489
141,L,1.286795619
141,L,1.2116927
141,I,0.317850256
141,M,-0.086420448
141,F,-1.5051667
141,Y,-1.457180782
141,W,-2.070462723
141,G,-2
141,G,-1.43028402
141,P,-1.634200427
141,P,-2
141,*,-1.695160111
142,K,-0.502297419
142,R,-1.284758335
142,R,-2
142,R,-2
142,E,-0.29084178
142,D,0.064898151
142,N,-1.869327594
142,Q,-0.045595357
142,H,-0.321484887
142,T,-0.473133689
142,T,-1.914926924
142,S,-0.844011339
142,S,-0.933979365
142,S,-1.08518598
142,C,-2
142,A,-0.869762453
142,S,-0.674377508
142,V,-0.856727045
142,V,-1.486160828
142,L,-2
142,L,-2
142,L,-2
142,I,-2
142,M,-2
142,F,-1.668762565
142,Y,-2
142,W,-2
142,G,-0.808145459
142,G,-0.855489736
142,P,-1.938090694
142,P,-2
142,*,-2
143,K,1.197125864
143,R,1.01264702
143,R,0.804007824
143,R,0.818376384
143,E,-0.041894849
143,D,-0.509442071
143,N,1.286276982
143,Q,0.942849371
143,H,0.866670939
143,T,-0.486843775
143,T,-0.603389842
143,S,0.364647411
143,S,0.705170085
143,S,0.648671613
143,C,0.668975795
143,A,0.760827209
143,S,0.807487007
143,V,-0.608412439
143,V,-0.325140816
143,L,0.753186659
143,L,0.879693728
143,L,0.833560941
143,I,-0.409094721
143,M,1.22473698
143,F,0.118934003
143,Y,0.50301564
143,W,-0.170534093
143,G,0.18856685
143,G,0.131597594
143,P,-2
143,P,-1.549015069
143,*,-1.080306061
144,K,-2
144,R,-2
144,R,-2
144,R,-2
144,E,-1.960247243
144,D,-2.037333324
144,N,-1.927371743
144,Q,-2.068424463
144,H,-1.792970728
144,T,-1.808836791
144,T,-2.027142817
144,S,-2
144,S,-1.675929125
144,S,-2
144,C,-2
144,A,-2
144,S,-2
144,V,-1.184548455
144,V,-2
144,L,-2
144,L,-2.126578665
144,L,-1.687245971
144,I,0.183017346
144,M,-1.037698223
144,F,-1.687998649
144,Y,-1.527515494
144,W,-2
144,G,-2
144,G,-2
144,P,-2.242879562
144,P,-1.490304573
144,*,-2
145,K,-2
145,R,-2
145,R,-1.059609719
145,R,-2
145,E,-2
145,D,-1.468273593
145,N,-1.932627798
145,Q,-1.430201938
145,H,-1.213378407
145,T,-1.786428846
145,T,-2
145,S,-1.622305164
145,S,-1.926408949
145,S,NaN
145,C,-2
145,A,-1.777093663
145,S,-2
145,V,-1.58578833
145,V,-2
145,L,-1.587883496
145,L,-2
145,L,NaN
145,I,0.148267087
145,M,-0.561179319
145,F,-1.395080359
145,Y,-1.91659112
145,W,-2
145,G,-2
145,G,-2
145,P,-2.33040194
145,P,-2
145,*,-2
146,K,0.053273253
146,R,-0.212346059
146,R,NaN
146,R,NaN
146,E,-2
146,D,-1.93028402
146,N,-0.295878289
146,Q,-2
146,H,-0.72009983
146,T,-0.74838669
146,T,-0.953162765
146,S,-2
146,S,-1.301590058
146,S,-1.471564089
146,C,-0.909094721
146,A,-2.091018183
146,S,NaN
146,V,-2
146,V,-1.19212589
146,L,-1.036730973
146,L,NaN
146,L,-0.877423388
146,I,-1.059609719
146,M,-2
146,F,-2
146,Y,-1.749715339
146,W,-2
146,G,-2
146,G,NaN
146,P,0.163774367
146,P,-0.028669435
146,*,NaN
147,K,-2.225336021
147,R,-1.58421873
147,R,-0.344956814
147,R,-1.687245971
147,E,-1.736303328
147,D,-2.094270294
147,N,-2.007993355
147,Q,-0.111712779
147,H,-1.432004
147,T,-1.647745807
147,T,-0.452934478
147,S,-1.383608919
147,S,-1.511647669
147,S,-0.221664459
147,C,-2.050745335
147,A,-0.518443111
147,S,-0.543372522
147,V,-1.738398494
147,V,-2
147,L,-1.913136605
147,L,-0.151601409
147,L,-2
147,I,-1.820872587
147,M,-1.61878859
147,F,-1.325548669
147,Y,-1.943264969
147,W,-2
147,G,-2
147,G,-1.471790166
147,P,0.298976788
147,P,0
147,*,-1.41110062
148,K,-2
148,R,-2
148,R,-2
148,R,-2
148,E,-2
148,D,-2
148,N,-1.312866932
148,Q,-1.156519732
148,H,-2
148,T,-2
148,T,-1.696110355
148,S,-2
148,S,-2
148,S,-2
148,C,-2
148,A,NaN
148,S,-2
148,V,-0.006326195
148,V,0.044849714
148,L,0.137809455
148,L,0.179813263
148,L,0.721536714
148,I,0.17866454
148,M,-1.886818326
148,F,-2.059609719
148,Y,-2
148,W,-2
148,G,-2
148,G,-2
148,P,-1.652132769
148,P,-2
148,*,-2
149,K,-0.186852863
149,R,-0.035634714
149,R,-0.004732141
149,R,-0.475566179
149,E,-0.550971989
149,D,-1.926559276
149,N,-2.009023711
149,Q,0
149,H,-0.674759075
149,T,-1.179742095
149,T,-1.668844647
149,S,-1.648408026
149,S,-1.922280478
149,S,-1.570462723
149,C,-2.129647585
149,A,-2
149,S,-1.58578833
149,V,-2
149,V,-1.497742701
149,L,-2.222008077
149,L,-0.323381844
149,L,-1.499837866
149,I,-2.025169074
149,M,-2
149,F,-2
149,Y,-1.823837066
149,W,-2
149,G,-1.537333324
149,G,-2
149,P,-1.7964809
149,P,-0.367822694
149,*,-0.092724441
150,K,-1.872201614
150,R,-1.540889398
150,R,-2
150,R,-1.937689959
150,E,-1.51190739
150,D,-1.876243498
150,N,-1.880357102
150,Q,-1.380227963
150,H,-1.566295065
150,T,-1.658263461
150,T,-1.600765486
150,S,0.244990391
150,S,0.155044473
150,S,0.593746691
150,C,-1.071753181
150,A,-1.633718304
150,S,-1.623648687
150,V,-1.658379213
150,V,-1.460247243
150,L,-1.752218325
150,L,-1.64945741
150,L,-1.524518674
150,I,-1.489243217
150,M,-1.970386952
150,F,-1.761879589
150,Y,-1.827256779
150,W,-1.346715812
150,G,-1.892175368
150,G,-2
150,P,-1.742038557
150,P,-1.568474102
150,*,-1.722008077
151,K,-1.599243422
151,R,0
151,R,0.53156098
151,R,0.182542892
151,E,-1.206705004
151,D,-1.577025568
151,N,-1.77176548
151,Q,-1.44875714
151,H,-0.289074244
151,T,-1.53032872
151,T,-1.997893028
151,S,-0.781281964
151,S,-1.780281331
151,S,-1.728616499
151,C,-0.093222605
151,A,-1.353129129
151,S,-1.823972684
151,V,-1.971387585
151,V,-2.205760834
151,L,-0.463044595
151,L,-1.357291798
151,L,-2
151,I,-1.842900609
151,M,-1.637448503
151,F,-1.554781202
151,Y,-1.51092371
151,W,-1.315849474
151,G,-0.600489053
151,G,-1.962699706
151,P,-1.182391433
151,P,-1.611083703
151,*,-1.85521934
152,K,-1.904707759
152,R,-0.295249431
152,R,NaN
152,R,-2
152,E,-2
152,D,-1.639766592
152,N,-1.835496679
152,Q,-2
152,H,-1.739151171
152,T,-1.685661679
152,T,-1.669815544
152,S,-0.645871973
152,S,-0.923021301
152,S,-1.536730973
152,C,0
152,A,-1.951454656
152,S,-2
152,V,-1.570276164
152,V,-2
152,L,-1.674705117
152,L,-2
152,L,-2
152,I,-1.725734242
152,M,-2.02379075
152,F,-0.333966237
152,Y,-0.255022906
152,W,-0.28014299
152,G,-0.614329935
152,G,-2
152,P,-1.633606367
152,P,-2
152,*,-1.789305962
153,K,-2
153,R,-0.027826886
153,R,0.068634869
153,R,-0.068474102
153,E,-2
153,D,-2
153,N,-1.652154926
153,Q,-1.900230337
153,H,-1.855489736
153,T,-1.798260805
153,T,-2
153,S,NaN
153,S,-1.627049465
153,S,-2
153,C,-0.633640986
153,A,-2
153,S,-2
153,V,-2
153,V,-2
153,L,-1.908568179
153,L,-1.4449606
153,L,-2
153,I,-1.78331795
153,M,-2
153,F,-2
153,Y,-1.41110062
153,W,-2
153,G,NaN
153,G,-0.7189891
153,P,-1.617692125
153,P,-2
153,*,-1.754192761
154,K,-2
154,R,-2
154,R,-2
154,R,-2
154,E,-1.511154712
154,D,-2
154,N,-1.809732245
154,Q,-1.579765605
154,H,-1.933717196
154,T,-0.608350445
154,T,-0.873973142
154,S,-2
154,S,-2.111083703
154,S,-1.767444106
154,C,0.369338333
154,A,-1.934992443
154,S,-2
154,V,0.100518101
154,V,0.138393036
154,L,-1.124776603
154,L,-1.302172436
154,L,-1.187245971
154,I,0.094563539
154,M,-1.184278395
154,F,-1.13094347
154,Y,-2.251517402
154,W,-1.738398494
154,G,-1.094050363
154,G,-2
154,P,-2.057478718
154,P,-2.29005864
154,*,-2
155,K,-2
155,R,-1.604593797
155,R,-2
155,R,-1.670534093
155,E,-2
155,D,-1.591018183
155,N,-1.556912203
155,Q,-1.908568179
155,H,-1.311085436
155,T,-1.726671473
155,T,-1.878033817
155,S,-1.979132587
155,S,-1.934992443
155,S,-1.405675008
155,C,-1.501591573
155,A,-2.073295142
155,S,-1.746424843
155,V,-0.200966548
155,V,0.008044323
155,L,-1.040794739
155,L,-0.991719976
155,L,-0.927265229
155,I,-0.015768933
155,M,-0.960969439
155,F,-0.609866787
155,Y,-0.53857853
155,W,-2
155,G,-1.740096317
155,G,-2
155,P,-1.771233431
155,P,-1.894371464
155,*,-1.780661706
156,K,0.598404825
156,R,0.55573737
156,R,0.163969297
156,R,0.392964992
156,E,1.207063777
156,D,-1.198187605
156,N,0.231467247
156,Q,0.67374267
156,H,0.312959992
156,T,0.393700246
156,T,0.233946207
156,S,-0.088662802
156,S,-0.127365572
156,S,-0.186733837
156,C,0.506328871
156,A,-0.080688269
156,S,-0.076892493
156,V,-0.560291548
156,V,-0.427247628
156,L,-0.275605168
156,L,-0.280230907
156,L,0.025081529
156,I,-1.116397654
156,M,-0.121781091
156,F,-1.330428588
156,Y,-0.573675482
156,W,-2
156,G,-0.832664012
156,G,-0.403944742
156,P,-0.084941078
156,P,0.09334444
156,*,-1.327392397
157,K,-1.982594534
157,R,-1.50870225
157,R,-1.608064725
157,R,-2
157,E,-2
157,D,-1.882581691
157,N,-1.826090165
157,Q,-1.498942412
157,H,-1.362822117
157,T,-1.804879743
157,T,-2
157,S,-1.872201614
157,S,-0.414539392
157,S,-2
157,C,-0.939612599
157,A,-1.981131511
157,S,-2
157,V,-1.020019096
157,V,-2
157,L,-0.309594451
157,L,-1.844853824
157,L,-0.427550762
157,I,-0.81581023
157,M,-1.434197151
157,F,0
157,Y,-0.883788926
157,W,-2
157,G,-1.386287771
157,G,-2
157,P,-1.640819571
157,P,-2
157,*,-2.193525455
158,K,-1.334341257
158,R,-1.499837866
158,R,NaN
158,R,-2
158,E,-2
158,D,-1.251897742
158,N,-1.464584316
158,Q,-2
158,H,-1.61878859
158,T,-1.825363376
158,T,-2.197912417
158,S,-1.779769022
158,S,-1.704305563
158,S,-2
158,C,-1.357291798
158,A,-1.335989441
158,S,-1.25946624
158,V,-2
158,V,-2
158,L,-1.374936117
158,L,-2
158,L,-1.95138286
158,I,-2
158,M,-1.744033907
158,F,-1.448685344
158,Y,-1.89415619
158,W,-2
158,G,-0.05445974
158,G,0.344983024
158,P,-1.762474845
158,P,-2
158,*,-2
159,K,0.854864832
159,R,0.514414459
159,R,0.939083474
159,R,0.320488514
159,E,0.295025262
159,D,0.050032966
159,N,0.646466832
159,Q,-0.228264358
159,H,-0.062661018
159,T,-0.170814982
159,T,0.176569014
159,S,0.086449063
159,S,0.215159186
159,S,NaN
159,C,0.163417928
159,A,0.733404948
159,S,1.021612739
159,V,-0.710535591
159,V,-2
159,L,-2
159,L,-0.457549727
159,L,NaN
159,I,-1.264859206
159,M,0.537508656
159,F,-1.124776603
159,Y,-0.984928051
159,W,-1.386215975
159,G,-0.855489736
159,G,-2
159,P,-1.540626095
159,P,-2
159,*,NaN
160,K,-1.675033671
160,R,-1.255936925
160,R,-2
160,R,-1.481395722
160,E,-1.99714035
160,D,-1.566075761
160,N,-1.482882697
160,Q,-1.484928051
160,H,-0.38520833
160,T,-0.883500235
160,T,-1.19226694
160,S,-1.18335158
160,S,-0.928789395
160,S,-0.911654443
160,C,-0.18476041
160,A,0.176293925
160,S,-0.03309817
160,V,-0.670188915
160,V,-0.777063129
160,L,-1.46361547
160,L,-1.599251743
160,L,-1.751280484
160,I,-1.258673433
160,M,-0.411323696
160,F,-0.678176642
160,Y,0.029523731
160,W,-1.652132769
160,G,-0.460362034
160,G,-0.577232679
160,P,0.288273492
160,P,0.14234871
160,*,-1.493227681
161,K,-0.340617518
161,R,-0.288611735
161,R,-0.337452402
161,R,-0.237696876
161,E,-0.878642815
161,D,-0.171310665
161,N,-0.082350868
161,Q,-0.585886901
161,H,-0.845257522
161,T,0.173246901
161,T,0.499648282
161,S,0.12688706
161,S,0.065202365
161,S,0.554923647
161,C,-0.472652255
161,A,-0.528260702
161,S,-0.507555999
161,V,-1.820508636
161,V,-1.760381785
161,L,-1.663973767
161,L,-1.451021678
161,L,-1.689130582
161,I,-1.706419979
161,M,-1.293151711
161,F,-1.739427142
161,Y,-1.74465582
161,W,-1.712822232
161,G,-0.434814307
161,G,-0.685277105
161,P,-1.549510776
161,P,-1.507115464
161,*,-1.926559276
162,K,-0.035991167
162,R,0.30845568
162,R,-0.515541674
162,R,-0.368237929
162,E,0.413992421
162,D,0.245675858
162,N,0.037527515
162,Q,0.238629431
162,H,-0.030477971
162,T,-0.028682708
162,T,-0.409698028
162,S,-0.038890015
162,S,0.050787052
162,S,-0.200321098
162,C,-0.354887385
162,A,0.183108355
162,S,0.187467578
162,V,0.116391081
162,V,0.05796739
162,L,-0.340244032
162,L,-0.611944767
162,L,0.218541532
162,I,-0.449916805
162,M,-0.180268808
162,F,-0.010410546
162,Y,-0.314717102
162,W,-0.728964213
162,G,-0.354036461
162,G,-0.570333584
162,P,0.103334618
162,P,0.184095661
162,*,-1.681128743
163,K,0.11808411
163,R,0.032606219
163,R,0.137591798
163,R,0.186351138
163,E,0.086681203
163,D,0.076749324
163,N,0.307160972
163,Q,0.030038481
163,H,0.209533782
163,T,-0.061564769
163,T,-0.111433829
163,S,0.126583234
163,S,-0.22710699
163,S,0.019906373
163,C,0.177440111
163,A,0.379533702
163,S,0.266889279
163,V,0.36905653
163,V,-0.042897841
163,L,-0.304122192
163,L,-0.157874513
163,L,-0.698292757
163,I,-0.857989627
163,M,-0.246213545
163,F,-0.424235008
163,Y,-0.589870868
163,W,-2
163,G,-0.087368382
163,G,-2
163,P,-0.883049699
163,P,-0.946554343
163,*,-1.544628107
164,K,-2
164,R,-2
164,R,-2
164,R,-2
164,E,0.061505106
164,D,0.206689747
164,N,-2
164,Q,-2
164,H,-2
164,T,-2.148408026
164,T,-2
164,S,-2
164,S,-1.365117136
164,S,NaN
164,C,-2
164,A,-2
164,S,-1.360639714
164,V,-2
164,V,-2
164,L,-1.600489053
164,L,-2
164,L,-2
164,I,-2.047397419
164,M,-2
164,F,-2
164,Y,-2
164,W,NaN
164,G,-2
164,G,NaN
164,P,-2
164,P,-2
164,*,-2
165,K,0.070750914
165,R,0.372595399
165,R,0.292751448
165,R,0.317861044
165,E,-1.434139528
165,D,-1.541961072
165,N,-1.285588309
165,Q,-0.817271577
165,H,-1.518868367
165,T,-1.232013886
165,T,-1.100927417
165,S,-1.201000544
165,S,-1.142143372
165,S,-1.035000707
165,C,-1.49714035
165,A,-0.300418293
165,S,-0.627088221
165,V,-1.460849594
165,V,-1.919947725
165,L,-1.747584339
165,L,-1.555972968
165,L,-1.793701302
165,I,-1.831723041
165,M,-1.118057197
165,F,-1.690386687
165,Y,-1.563324124
165,W,-2
165,G,-1.831902096
165,G,-1.775291601
165,P,-1.867763436
165,P,-1.709455541
165,*,-1.902927853
166,K,0.441868011
166,R,-0.437016592
166,R,-0.006004734
166,R,1.095810829
166,E,-0.784155984
166,D,-0.934670982
166,N,-0.048106107
166,Q,-0.23788338
166,H,1.232415104
166,T,0.320479979
166,T,-0.245014477
166,S,0.377657545
166,S,-0.12279831
166,S,0.383070891
166,C,-0.096324177
166,A,-0.088953406
166,S,-2
166,V,-0.135823389
166,V,NaN
166,L,-0.137275028
166,L,0.450755024
166,L,-0.093047372
166,I,0.255043237
166,M,0.31207734
166,F,-0.067876723
166,Y,0.331635441
166,W,-0.098437325
166,G,-2
166,G,NaN
166,P,-1.618917729
166,P,-1.410896783
166,*,-2
167,K,0.233476814
167,R,-0.014304365
167,R,0.423113434
167,R,0.691118334
167,E,0.241128168
167,D,-0.031365358
167,N,0.208381088
167,Q,0.349041771
167,H,0.181865665
167,T,0.315351151
167,T,0.048693129
167,S,0.379651179
167,S,0.725087878
167,S,0.388744517
167,C,0.134798935
167,A,0.341844961
167,S,0.237119229
167,V,0.202310334
167,V,0.056980591
167,L,0.066485301
167,L,0.378129275
167,L,0.231807604
167,I,0.136369193
167,M,0.141888736
167,F,-0.257170918
167,Y,0.062743603
167,W,-0.652934672
167,G,-0.017376297
167,G,0.082040896
167,P,-1.614784304
167,P,-1.7615987
167,*,-1.851102774
168,K,-0.446210725
168,R,-1.525851299
168,R,-2
168,R,-0.192945496
168,E,-2
168,D,-2
168,N,-1.766499013
168,Q,-2
168,H,-1.949287694
168,T,-1.717409048
168,T,-0.356883611
168,S,-1.740922752
168,S,-1.788328374
168,S,-1.525414127
168,C,-2
168,A,-1.443264969
168,S,-1.84223839
168,V,-1.754192761
168,V,-0.257029765
168,L,-2.137448503
168,L,-0.680598188
168,L,-0.761195157
168,I,-0.733583294
168,M,0
168,F,-1.675033671
168,Y,-1.848427415
168,W,-2
168,G,-2
168,G,-1.48344745
168,P,-1.827392397
168,P,-1.555625254
168,*,-1.765261704
169,K,-0.302818146
169,R,-1.718641386
169,R,-1.39540182
169,R,-0.984630279
169,E,-1.023038073
169,D,-1.559927674
169,N,-1.575686637
169,Q,0.002551935
169,H,-0.605022972
169,T,-1.301467797
169,T,-0.371433613
169,S,-0.892524003
169,S,-0.965109016
169,S,-0.70567786
169,C,-0.289363876
169,A,-1.2067768
169,S,-1.004822723
169,V,-1.428553754
169,V,-0.062838689
169,L,-1.127182673
169,L,-0.851102774
169,L,-0.151911304
169,I,-0.570945675
169,M,0
169,F,-1.680161493
169,Y,-1.305901458
169,W,-2
169,G,-1.825548669
169,G,-2
169,P,-1.764361299
169,P,-1.445404851
169,*,-1.431973466
170,K,0
170,R,0.430539714
170,R,-0.688213221
170,R,-0.000250635
170,E,-0.06264972
170,D,-1.110762241
170,N,-0.893934461
170,Q,-0.66139965
170,H,-1.022223835
170,T,-1.161311657
170,T,-0.728239534
170,S,-0.775639314
170,S,-1.038852457
170,S,-2
170,C,-2
170,A,-1.180071034
170,S,-1.211926778
170,V,-1.057478718
170,V,-2
170,L,-2
170,L,NaN
170,L,-2
170,I,-1.307034729
170,M,-0.38662685
170,F,-1.600489053
170,Y,-1.423675598
170,W,-2
170,G,-0.896882421
170,G,-2
170,P,-1.832841621
170,P,-1.943535365
170,*,-0.057091301
171,K,-0.211190003
171,R,-1.210324209
171,R,-0.115182161
171,R,-0.900302133
171,E,-0.256108284
171,D,-0.468197356
171,N,-0.493113457
171,Q,0
171,H,-0.557722123
171,T,-1.205211062
171,T,-0.796532396
171,S,-0.220728404
171,S,-0.088992164
171,S,-0.39020044
171,C,-0.295333701
171,A,-0.009580502
171,S,-0.019445174
171,V,-1.541208395
171,V,-1.917959104
171,L,-0.625336386
171,L,-0.265454883
171,L,-0.48344745
171,I,-1.604645013
171,M,-0.286831877
171,F,-1.965046126
171,Y,-1.567187153
171,W,-2
171,G,-0.487420797
171,G,-0.409094721
171,P,-1.677664547
171,P,-0.575152323
171,*,-0.062442296
172,K,-0.110568589
172,R,-1.909094721
172,R,-1.883518459
172,R,-0.678729301
172,E,-1.55142756
172,D,-1.50777808
172,N,-2.06500475
172,Q,-2
172,H,-1.96215925
172,T,-1.636884195
172,T,-0.428118024
172,S,-2.202318042
172,S,-1.833107594
172,S,-1.668539616
172,C,-1.181128743
172,A,-1.242827542
172,S,-1.106299291
172,V,-1.595852425
172,V,-0.428929122
172,L,-1.715956919
172,L,-1.439892756
172,L,-0.51774887
172,I,-1.153534896
172,M,0
172,F,-0.055294552
172,Y,-1.467393781
172,W,-0.920978082
172,G,-1.331772957
172,G,-1.284758335
172,P,-1.861535684
172,P,-1.868208212
172,*,-1.719215177
173,K,-0.918280566
173,R,-1.231871027
173,R,-2
173,R,-1.419947725
173,E,-2
173,D,-1.491990372
173,N,-1.364642457
173,Q,-0.986964947
173,H,-1.247969993
173,T,-0.554537343
173,T,-0.614949716
173,S,-1.085855155
173,S,-0.900175219
173,S,-0.756012941
173,C,-0.067791341
173,A,-0.449818806
173,S,-0.918258411
173,V,-0.010346381
173,V,0.55741845
173,L,-1.229289263
173,L,-1.269585247
173,L,-1.300867862
173,I,0.187955141
173,M,-0.166704808
173,F,-1.092495947
173,Y,-1.306122197
173,W,-2
173,G,-0.808362113
173,G,-2
173,P,-1.753088659
173,P,-1.462429646
173,*,-2
174,K,0.147080084
174,R,-0.039588249
174,R,0.350162249
174,R,0.30777036
174,E,-0.65920442
174,D,-0.78430497
174,N,-0.261547601
174,Q,-0.093001032
174,H,-0.095510163
174,T,-0.206456928
174,T,-0.244052858
174,S,-0.360006125
174,S,-0.291510363
174,S,-0.147035812
174,C,-0.27028719
174,A,-0.276882107
174,S,-0.256634337
174,V,-0.008593703
174,V,0.349544476
174,L,-0.030843969
174,L,-0.141940617
174,L,0.407223231
174,I,0.158007674
174,M,-0.100305124
174,F,-0.454237754
174,Y,-0.08869967
174,W,0.239500924
174,G,-0.49296948
174,G,NaN
174,P,-1.510626281
174,P,-1.307034729
174,*,-2
175,K,-2
175,R,-0.438090694
175,R,0.000396328
175,R,-0.438313644
175,E,-2
175,D,-2
175,N,-2
175,Q,-2
175,H,-2
175,T,-1.346625352
175,T,-2
175,S,-2
175,S,-2
175,S,NaN
175,C,-2
175,A,NaN
175,S,-2
175,V,NaN
175,V,-2
175,L,-2
175,L,-2
175,L,NaN
175,I,-2
175,M,-2
175,F,-2
175,Y,NaN
175,W,-2
175,G,NaN
175,G,NaN
175,P,-2
175,P,NaN
175,*,-2
176,K,-1.258579723
176,R,-1.693905795
176,R,-1.919818586
176,R,-2
176,E,-2
176,D,-1.078101502
176,N,-1.681825597
176,Q,-1.681257959
176,H,-1.800574759
176,T,-1.307022267
176,T,-1.502972553
176,S,-1.769432727
176,S,-1.662422387
176,S,-0.29929504
176,C,-0.10784348
176,A,-1.08358341
176,S,-1.758670182
176,V,-0.553378812
176,V,-0.492171089
176,L,0.212395613
176,L,0.149771544
176,L,0
176,I,-0.156569587
176,M,0.034664658
176,F,-0.444675756
176,Y,-1.299972408
176,W,-0.842853734
176,G,-1.712822232
176,G,-2
176,P,-1.890128644
176,P,-2.051498013
176,*,-0.494064877
177,K,-0.08908876
177,R,-2
177,R,NaN
177,R,NaN
177,E,-0.595852425
177,D,-0.610634545
177,N,-0.114863718
177,Q,0.130824487
177,H,-0.022697782
177,T,0.207699492
177,T,0.685884138
177,S,-0.832413366
177,S,-0.027561108
177,S,-0.286338387
177,C,-0.287392217
177,A,0.1963765
177,S,0.295025262
177,V,0.494631032
177,V,-0.204974738
177,L,-0.355339409
177,L,-0.020019096
177,L,NaN
177,I,0.069980939
177,M,-0.175011515
177,F,-0.673553071
177,Y,-0.147357352
177,W,NaN
177,G,-0.707506907
177,G,0.051479061
177,P,-1.787489551
177,P,-2
177,*,-2
178,K,0.343853861
178,R,-0.293490638
178,R,-0.237203733
178,R,-0.119679645
178,E,0.137400241
178,D,0.328463745
178,N,0.065728313
178,Q,0.137896131
178,H,0.028232183
178,T,0.287139912
178,T,0.373384701
178,S,0.217107069
178,S,0.139799219
178,S,-0.087933628
178,C,0.177531189
178,A,0.156042375
178,S,-0.143613617
178,V,0.201819326
178,V,0.663002047
178,L,0.141965761
178,L,0.434850251
178,L,0.129927664
178,I,0.36066709
178,M,0.71798589
178,F,-0.038148825
178,Y,0.010964135
178,W,0.000677247
178,G,-0.546560196
178,G,-0.204806559
178,P,-1.56028001
178,P,-1.710350794
178,*,-1.43028402
179,K,-1.744802794
179,R,-2.066702574
179,R,-2
179,R,-2
179,E,-1.636675826
179,D,-1.930677581
179,N,-0.733195128
179,Q,-1.6656718
179,H,-1.844582169
179,T,-0.839795616
179,T,-1.489243217
179,S,-1.309158556
179,S,-0.999542629
179,S,-1.805345283
179,C,-1.585412057
179,A,-2.099290801
179,S,-1.761879589
179,V,-0.580895549
179,V,-0.993908563
179,L,-1.497398705
179,L,-1.828224028
179,L,-1.284758335
179,I,0
179,M,-1.089663401
179,F,-0.946955078
179,Y,-1.878921192
179,W,-1.726112822
179,G,-1.508247309
179,G,-2
179,P,-1.810753753
179,P,-2.002972553
179,*,-2.027515494
180,K,-1.535388511
180,R,-0.325218797
180,R,-2
180,R,-2
180,E,-2
180,D,-1.804870604
180,N,-1.513428526
180,Q,-1.988275967
180,H,-1.875220591
180,T,-1.656275562
180,T,-1.336121162
180,S,-0.343376145
180,S,-0.954026114
180,S,-1.474261605
180,C,0
180,A,-0.529253902
180,S,-0.512592232
180,V,-1.779769022
180,V,-1.479483379
180,L,-2.050466339
180,L,-1.846715812
180,L,-1.373981519
180,I,-1.390693397
180,M,-2
180,F,-0.207956466
180,Y,-0.181482326
180,W,0.048693129
180,G,-1.026618
180,G,-1.474261605
180,P,-1.627655102
180,P,-1.688213221
180,*,-2
181,K,0
181,R,0.230027429
181,R,0.214349431
181,R,0.203754591
181,E,-0.036404909
181,D,-0.046884142
181,N,0.024318319
181,Q,0.004946628
181,H,0.168610039
181,T,-0.299233082
181,T,-0.023063944
181,S,0.108138026
181,S,-0.083856254
181,S,-0.103895118
181,C,-0.253268005
181,A,0.048557314
181,S,0.154164891
181,V,-0.501511173
181,V,-0.323925447
181,L,-0.55445974
181,L,-0.424288494
181,L,-0.358111264
181,I,-0.431236123
181,M,-0.1546174
181,F,-0.335838637
181,Y,-0.046128357
181,W,-0.353217991
181,G,0.17886116
181,G,0.266996538
181,P,-1.927599553
181,P,-1.922088812
181,*,-0.420454464
182,K,0.476060906
182,R,0.225804658
182,R,0.356984394
182,R,0.404475869
182,E,-1.191641311
182,D,-1.301590058
182,N,0.130023329
182,Q,-0.00119978
182,H,0.104752914
182,T,-0.086972505
182,T,-0.558725207
182,S,0.067250688
182,S,0.093716126
182,S,0.305390004
182,C,0.33692313
182,A,0.167441555
182,S,0.451034681
182,V,-0.287882248
182,V,0.194128468
182,L,0.435277728
182,L,0.533314285
182,L,0.943021745
182,I,0.066621045
182,M,0.426107489
182,F,0.205306032
182,Y,0.146975661
182,W,-0.696110355
182,G,-0.512121962
182,G,-0.108064725
182,P,-1.391295747
182,P,-2
182,*,-0.619061872
183,K,NaN
183,R,-2
183,R,-2
183,R,-2
183,E,0.13979343
183,D,-1.066162637
183,N,-2
183,Q,-2
183,H,-2
183,T,-2
183,T,-2
183,S,-2
183,S,-2
183,S,-2
183,C,-2
183,A,-2
183,S,-2
183,V,-1.629254024
183,V,-2
183,L,-2
183,L,-2
183,L,-2
183,I,-2
183,M,-2
183,F,-2
183,Y,-2
183,W,NaN
183,G,-2
183,G,NaN
183,P,-1.616929109
183,P,-2
183,*,-2
184,K,0.228274573
184,R,0.158829775
184,R,-0.014840402
184,R,0.137094619
184,E,-0.287770657
184,D,-0.040229906
184,N,0.179436775
184,Q,0.232456911
184,H,0.224984492
184,T,-1.448883836
184,T,-1.376243498
184,S,0.076239978
184,S,-0.054236304
184,S,-0.110497214
184,C,-0.201641146
184,A,-0.305344859
184,S,-0.367232352
184,V,-2.116616191
184,V,-1.747584339
184,L,-1.414084033
184,L,-1.583843518
184,L,-1.165705577
184,I,-2.147745807
184,M,-0.841317588
184,F,-1.621360538
184,Y,-1.374708794
184,W,-1.270463084
184,G,0.441454932
184,G,0.117707284
184,P,-1.629990041
184,P,-1.709016623
184,*,-1.594050363
185,K,-1.122079087
185,R,-1.347227703
185,R,-2
185,R,-2
185,E,-2
185,D,-2
185,N,-2
185,Q,-2
185,H,-1.714602138
185,T,-1.864354119
185,T,-2
185,S,-2
185,S,NaN
185,S,-1.475550316
185,C,-2
185,A,-2
185,S,NaN
185,V,-0.738448133
185,V,-2
185,L,-0.95839962
185,L,-0.988275967
185,L,-1.211091966
185,I,0.028995918
185,M,-0.369997054
185,F,-2
185,Y,-1.520019096
185,W,-2
185,G,-2
185,G,NaN
185,P,-2.017434195
185,P,-2
185,*,-1.515632133
186,K,0.526010217
186,R,0.538093543
186,R,0.144608543
186,R,0.226438665
186,E,0.09138596
186,D,-0.018342692
186,N,0.228339679
186,Q,0.204523831
186,H,0.219799648
186,T,0.346169857
186,T,0.258404705
186,S,0.190441403
186,S,0.185408947
186,S,0.046273485
186,C,0.05853755
186,A,0.153640962
186,S,0.148747221
186,V,-0.699729559
186,V,0.36905653
186,L,0.098638369
186,L,-0.148953704
186,L,NaN
186,I,0.074928719
186,M,0.115514291
186,F,0.030295308
186,Y,-0.0089794
186,W,-0.409094721
186,G,0.130093405
186,G,NaN
186,P,-0.298452037
186,P,-0.432193938
186,*,-0.837832765
187,K,-2.136659964
187,R,-1.914926924
187,R,-2
187,R,-2
187,E,-2
187,D,-1.762351378
187,N,-1.738575829
187,Q,-2.228401739
187,H,-1.709773621
187,T,-1.660840287
187,T,-1.730280603
187,S,-2
187,S,-1.822016341
187,S,-1.696110355
187,C,-2
187,A,-1.737695795
187,S,-1.662422387
187,V,-0.198112005
187,V,-0.011608611
187,L,-1.304549778
187,L,-1.204974738
187,L,-1.254667054
187,I,0.241566821
187,M,-0.266563455
187,F,-1.919732451
187,Y,-1.596936051
187,W,-2
187,G,-2.012518898
187,G,-2
187,P,-1.705022737
187,P,-1.813151958
187,*,-1.403944742
188,K,0.87300151
188,R,0.411014126
188,R,-0.055309633
188,R,-2
188,E,-0.135035195
188,D,0.699647251
188,N,0.232882777
188,Q,0.005215701
188,H,0.248655257
188,T,0.144651443
188,T,0.282443092
188,S,-1.101969654
188,S,0.029227333
188,S,0.283324867
188,C,-0.07666931
188,A,0.128417922
188,S,0.057607676
188,V,0.383070891
188,V,-0.044699903
188,L,-0.201885847
188,L,-0.447448034
188,L,-0.400281739
188,I,-0.230653645
188,M,0.114547041
188,F,-0.672807907
188,Y,0.071879355
188,W,-0.710124716
188,G,-0.222288966
188,G,-0.006004734
188,P,-0.738678763
188,P,-0.810597255
188,*,-1.395080359
189,K,-1.059609719
189,R,-2
189,R,-2
189,R,-2
189,E,-0.40998285
189,D,-0.147314492
189,N,-0.225178036
189,Q,-2
189,H,-1.260011993
189,T,-1.760323452
189,T,-2
189,S,-0.251970259
189,S,-0.573090971
189,S,0.157674733
189,C,-1.071508942
189,A,-1.819277563
189,S,-2
189,V,-2
189,V,-2
189,L,-1.987552194
189,L,-1.332610991
189,L,-2
189,I,-1.875236453
189,M,-2
189,F,-2
189,Y,-1.293701302
189,W,-1.08518598
189,G,-1.687245971
189,G,-2
189,P,-1.851102774
189,P,-1.400912562
189,*,-1.39540182
190,K,-0.021836238
190,R,-0.281458468
190,R,NaN
190,R,-0.16247562
190,E,-2
190,D,-0.958032403
190,N,-0.595284934
190,Q,-0.268798888
190,H,-0.523622741
190,T,-0.513288895
190,T,-0.169481511
190,S,-0.937834735
190,S,-0.564753006
190,S,-0.74838669
190,C,-1.038058357
190,A,-0.575845777
190,S,-0.373904738
190,V,-0.501396306
190,V,-0.050130088
190,L,0.331377525
190,L,0.190905641
190,L,0.140136756
190,I,-0.015376553
190,M,0
190,F,-0.578318155
190,Y,-0.331545448
190,W,-2
190,G,-0.661896254
190,G,-2
190,P,-0.230208672
190,P,-0.258288133
190,*,-1.647881425
191,K,0.085171051
191,R,0.177038848
191,R,-0.04076684
191,R,-0.140711659
191,E,-1.196200814
191,D,-1.307410909
191,N,-0.610688258
191,Q,-0.744424235
191,H,-0.307600352
191,T,-0.626029015
191,T,-0.546921024
191,S,-0.516399891
191,S,-0.547673772
191,S,-0.550145066
191,C,-1.003165783
191,A,-0.575460154
191,S,-0.294356989
191,V,-1.628196315
191,V,-1.298772696
191,L,-1.271436227
191,L,-1.292182334
191,L,-1.101947497
191,I,-1.623443273
191,M,-0.987426074
191,F,-1.524164716
191,Y,-1.32997695
191,W,-1.601002404
191,G,-0.711739201
191,G,-0.837832765
191,P,-1.692603077
191,P,-1.746779439
191,*,-2.037333324
192,K,-2
192,R,-1.741533181
192,R,-2
192,R,-2
192,E,NaN
192,D,-1.143670883
192,N,-1.466414111
192,Q,-1.270141622
192,H,-1.034068188
192,T,-0.283385173
192,T,-0.247584339
192,S,-1.122305164
192,S,-0.736327264
192,S,-0.623896229
192,C,0.131512051
192,A,-0.170603426
192,S,-0.160245896
192,V,-0.007669874
192,V,0.194851361
192,L,-1.38412081
192,L,-1.420978082
192,L,-2
192,I,-0.438772919
192,M,-2
192,F,-2
192,Y,-1.903944742
192,W,-2
192,G,-1.299972408
192,G,-2
192,P,-1.52950224
192,P,-1.771251623
192,*,-2
193,K,-1.541208395
193,R,-2
193,R,-2
193,R,-2
193,E,-2
193,D,-1.504318935
193,N,-1.955969675
193,Q,-1.73750304
193,H,-1.514029563
193,T,-1.656778086
193,T,-1.321651442
193,S,-1.561179319
193,S,-1.759276577
193,S,-1.335063453
193,C,-0.559609719
193,A,-1.211597016
193,S,-0.682417454
193,V,0.135873213
193,V,0.362575945
193,L,0.234002936
193,L,0.039718825
193,L,0.960136999
193,I,-0.08371701
193,M,0.230753832
193,F,-1.812184708
193,Y,-1.802669924
193,W,-2
193,G,-1.875236453
193,G,-2
193,P,-0.842808705
193,P,-1.317887734
193,*,-2
194,K,NaN
194,R,-0.710124716
194,R,NaN
194,R,NaN
194,E,NaN
194,D,-0.307034729
194,N,-2
194,Q,-2
194,H,-2
194,T,-1.299459057
194,T,-0.258579723
194,S,-2
194,S,-0.84737803
194,S,NaN
194,C,NaN
194,A,-0.400429244
194,S,-0.120490239
194,V,-0.307034729
194,V,NaN
194,L,-2
194,L,-2
194,L,NaN
194,I,NaN
194,M,NaN
194,F,-2
194,Y,NaN
194,W,NaN
194,G,NaN
194,G,-2
194,P,-1.305592148
194,P,-1.409320798
194,*,-2
195,K,-1.035000707
195,R,-0.339081431
195,R,-0.949438021
195,R,-0.549015069
195,E,-0.507806796
195,D,-1.653048804
195,N,-0.809785266
195,Q,0.089041343
195,H,-0.019609152
195,T,-0.272132133
195,T,-0.549624879
195,S,-0.226395039
195,S,-0.072784051
195,S,-0.665334476
195,C,-0.543815451
195,A,0.008216158
195,S,0.218523436
195,V,-2
195,V,-1.348427415
195,L,-0.764077415
195,L,-1.400230337
195,L,-0.763057144
195,I,-2
195,M,-2
195,F,-2
195,Y,-0.780739919
195,W,-0.855489736
195,G,-0.499761878
195,G,-0.215004635
195,P,-1.704016765
195,P,-1.613896928
195,*,-1.570462723
196,K,-2
196,R,-0.608064725
196,R,-2
196,R,-2
196,E,-2
196,D,-2
196,N,-1.448685344
196,Q,-1.453162765
196,H,-1.66166971
196,T,-2
196,T,-2
196,S,-1.758579723
196,S,-2
196,S,-0.150305489
196,C,-2
196,A,-1.724721456
196,S,-2
196,V,-2
196,V,-0.218808294
196,L,0.539030561
196,L,0.073452229
196,L,0
196,I,NaN
196,M,0.058437735
196,F,-0.065397134
196,Y,-2
196,W,0.073882224
196,G,-2
196,G,-2
196,P,-2
196,P,-2
196,*,-0.048868132
197,K,-2
197,R,-2
197,R,-2
197,R,-2
197,E,-2
197,D,-2.059609719
197,N,-2
197,Q,NaN
197,H,-1.353803937
197,T,-1.354780841
197,T,-1.722008077
197,S,-2
197,S,-2
197,S,NaN
197,C,-2
197,A,-1.600489053
197,S,-2
197,V,0.044984094
197,V,-0.075156083
197,L,-2
197,L,-2
197,L,-2
197,I,-2
197,M,-1.873849798
197,F,-0.935423659
197,Y,-1.837760969
197,W,-2
197,G,-2
197,G,-2
197,P,-1.663389637
197,P,-2
197,*,-2
198,K,0.099875057
198,R,0.090242685
198,R,-0.370786096
198,R,-0.110168362
198,E,-1.346625352
198,D,-1.345568475
198,N,-0.797098807
198,Q,-0.516855871
198,H,-0.744702171
198,T,-0.869056746
198,T,-1.112564303
198,S,-0.725321261
198,S,-0.839163909
198,S,-0.888690205
198,C,-1.663389637
198,A,-0.993956232
198,S,-1.101321402
198,V,-1.16505687
198,V,-2
198,L,-1.069344456
198,L,-1.114357947
198,L,-1.009552142
198,I,-1.41452674
198,M,-1.229842104
198,F,-2
198,Y,-1.298923023
198,W,-2
198,G,-1.396213246
198,G,-1.243598111
198,P,-1.810245895
198,P,-1.629852176
198,*,-2.057920272
199,K,0
199,R,0.169994668
199,R,-0.395986084
199,R,0.090119089
199,E,-0.159772889
199,D,-1.770976435
199,N,-0.694471886
199,Q,-0.926559276
199,H,-1.061100532
199,T,-1.566304353
199,T,-1.091286022
199,S,-1.112944644
199,S,-1.388911915
199,S,-2
199,C,-1.533183565
199,A,-1.314890601
199,S,-1.158167916
199,V,-1.41712107
199,V,-2
199,L,-1.42225919
199,L,-1.378368481
199,L,-1.904707759
199,I,-1.44718477
199,M,-0.230497859
199,F,-2.057454732
199,Y,-1.527425154
199,W,-2
199,G,-2
199,G,-2
199,P,-1.900879913
199,P,-1.574206458
199,*,-0.638118408
200,K,-0.66304116
200,R,-2
200,R,-2
200,R,-1.934992443
200,E,-2
200,D,-1.648257699
200,N,0.193332808
200,Q,-1.578101502
200,H,0.236697295
200,T,-1.726836594
200,T,-1.485578451
200,S,-1.028883479
200,S,-2
200,S,-2
200,C,-0.950487406
200,A,-1.681257959
200,S,-2
200,V,-2
200,V,-2
200,L,-2
200,L,-2
200,L,-2
200,I,-2
200,M,-2
200,F,-1.448911421
200,Y,-0.769313592
200,W,-0.47138544
200,G,-2
200,G,NaN
200,P,-1.542563176
200,P,-2
200,*,-2
201,K,-1.400983015
201,R,-1.754795111
201,R,-2
201,R,-1.302172436
201,E,-2
201,D,-1.858589087
201,N,-1.531902456
201,Q,-1.520019096
201,H,-1.834344904
201,T,-1.606021542
201,T,-1.772820162
201,S,-1.638250509
201,S,-1.388293226
201,S,-2
201,C,-2.217693215
201,A,-1.76278153
201,S,-2.164367226
201,V,-1.727062671
201,V,-1.562307234
201,L,-1.71209846
201,L,-2
201,L,-0.436450887
201,I,-1.749042782
201,M,-1.563930274
201,F,0.079459251
201,Y,-1.353495258
201,W,0.140613262
201,G,-1.874654076
201,G,-1.704974738
201,P,-1.748326088
201,P,-1.849968058
201,*,-1.872523075
202,K,-1.819277563
202,R,-1.826781447
202,R,-2
202,R,-2
202,E,-2
202,D,-1.887995881
202,N,-1.876243498
202,Q,-1.787049155
202,H,-1.674763726
202,T,-1.720628725
202,T,-2.263729701
202,S,-2.335496679
202,S,-1.586659748
202,S,-2
202,C,-1.609794991
202,A,-1.63733874
202,S,-1.57149308
202,V,-2.263400762
202,V,-2
202,L,-1.700614448
202,L,-1.32938202
202,L,-2
202,I,-1.584232193
202,M,-2
202,F,-2
202,Y,-1.978656945
202,W,-1.395080359
202,G,-1.381900809
202,G,-2
202,P,0.114558467
202,P,0.129980275
202,*,-2.134243337
203,K,-2
203,R,-2
203,R,-2
203,R,-2
203,E,-0.213483365
203,D,0.107600984
203,N,-2
203,Q,-1.457549727
203,H,-1.729583749
203,T,-2
203,T,NaN
203,S,-2
203,S,-2
203,S,-1.613896928
203,C,-2
203,A,-2
203,S,-2
203,V,-1.068474102
203,V,NaN
203,L,-2
203,L,-2
203,L,-2
203,I,-2
203,M,-2
203,F,NaN
203,Y,-1.386215975
203,W,NaN
203,G,-2
203,G,-2
203,P,-2
203,P,-1.57149308
203,*,-2
204,K,NaN
204,R,NaN
204,R,NaN
204,R,NaN
204,E,NaN
204,D,NaN
204,N,NaN
204,Q,NaN
204,H,NaN
204,T,NaN
204,T,NaN
204,S,NaN
204,S,NaN
204,S,NaN
204,C,NaN
204,A,NaN
204,S,NaN
204,V,NaN
204,V,-0.307034729
204,L,NaN
204,L,NaN
204,L,-0.235307754
204,I,NaN
204,M,NaN
204,F,-0.119265312
204,Y,NaN
204,W,NaN
204,G,NaN
204,G,NaN
204,P,NaN
204,P,NaN
204,*,NaN
205,K,-2.007923577
205,R,-0.029738421
205,R,0.208484688
205,R,0.153446113
205,E,-1.754198356
205,D,-1.971021778
205,N,-1.949626694
205,Q,-1.699011096
205,H,-1.845459905
205,T,-1.823088725
205,T,-1.783885588
205,S,-1.866033678
205,S,-1.760392727
205,S,-1.716241945
205,C,-1.786608446
205,A,-1.804754115
205,S,-1.949616696
205,V,-2.070640164
205,V,-2
205,L,-1.899710211
205,L,-1.935367836
205,L,-1.398099336
205,I,-1.865519633
205,M,-1.823764885
205,F,-1.708731769
205,Y,-1.93028402
205,W,-1.818866688
205,G,-2.129998377
205,G,-1.337760969
205,P,-1.728094345
205,P,-1.892364099
205,*,-1.359915942
206,K,-0.017237016
206,R,-1.594000724
206,R,-1.110762241
206,R,-2
206,E,-2
206,D,-1.462699706
206,N,-0.860865792
206,Q,-1.301590058
206,H,-1.536730973
206,T,-1.497366428
206,T,-1.537483651
206,S,-2
206,S,-1.464906901
206,S,-2
206,C,-1.758670182
206,A,-1.549467795
206,S,-1.466364471
206,V,-2
206,V,-2
206,L,-1.466414111
206,L,-2
206,L,NaN
206,I,-2.023038073
206,M,-2
206,F,-2
206,Y,-1.64945741
206,W,-2
206,G,-1.211413428
206,G,NaN
206,P,-1.714333631
206,P,-1.738398494
206,*,-2
207,K,-2
207,R,-1.410896783
207,R,-2
207,R,-2
207,E,NaN
207,D,NaN
207,N,-2
207,Q,-1.770463084
207,H,-2.101002404
207,T,-0.080223926
207,T,0.130992445
207,S,-2
207,S,-2
207,S,-1.152132769
207,C,-0.626959005
207,A,-2
207,S,-2
207,V,-2
207,V,-2
207,L,-2
207,L,-2
207,L,-2
207,I,-1.284477446
207,M,-0.886215975
207,F,NaN
207,Y,-2
207,W,NaN
207,G,-2
207,G,NaN
207,P,-1.059609719
207,P,-1.366756942
207,*,NaN
208,K,-2
208,R,-2
208,R,NaN
208,R,NaN
208,E,NaN
208,D,-2
208,N,-1.536730973
208,Q,-2
208,H,-1.659217247
208,T,-2.045063903
208,T,-2
208,S,NaN
208,S,-2
208,S,-2
208,C,-2
208,A,-1.298170346
208,S,NaN
208,V,-0.696110355
208,V,NaN
208,L,-2
208,L,NaN
208,L,NaN
208,I,0.199242218
208,M,-0.581667933
208,F,-2
208,Y,NaN
208,W,-2.173553071
208,G,-2
208,G,NaN
208,P,-2
208,P,-2
208,*,NaN
209,K,-1.420978082
209,R,-0.344503061
209,R,-2
209,R,-2
209,E,-1.059609719
209,D,0.027234786
209,N,-1.500854755
209,Q,-2.08231196
209,H,-1.440921352
209,T,-1.70683422
209,T,-1.896882421
209,S,-0.0488337
209,S,-1.351496335
209,S,-1.120307559
209,C,-0.120888019
209,A,-0.870020134
209,S,-1.633962448
209,V,-0.373083715
209,V,-1.770822557
209,L,-2
209,L,-2
209,L,-2
209,I,-2
209,M,-2
209,F,-2.023038073
209,Y,-1.16323931
209,W,-2
209,G,0
209,G,0.229323875
209,P,-2.122079087
209,P,-2
209,*,-1.825526512
210,K,-0.216785436
210,R,-1.482499894
210,R,-1.512719857
210,R,-1.64945741
210,E,0
210,D,0.286590138
210,N,-0.556916709
210,Q,-0.133418591
210,H,-1.407263986
210,T,-0.639835488
210,T,-0.722522176
210,S,0.001672923
210,S,-0.032951336
210,S,-0.065954077
210,C,-0.258927829
210,A,-0.18690121
210,S,-0.070466036
210,V,-1.242054404
210,V,-0.67310961
210,L,-1.118391467
210,L,-1.138862761
210,L,-1.11140743
210,I,-1.789709291
210,M,0.135247611
210,F,-1.50504676
210,Y,-1.282425718
210,W,-1.486160828
210,G,-1.68826286
210,G,-0.06154565
210,P,-1.56934419
210,P,-1.807582268
210,*,-0.307552055
211,K,-1.744033907
211,R,-0.869624205
211,R,-2
211,R,-2
211,E,-1.586988042
211,D,-1.905675008
211,N,-1.779303481
211,Q,-1.957035203
211,H,-1.059850865
211,T,-1.617047936
211,T,-2.04076684
211,S,-1.527141589
211,S,-1.594210077
211,S,-1.711926778
211,C,-2.092364564
211,A,-1.938479228
211,S,-1.466066397
211,V,-0.970171141
211,V,-1.509247942
211,L,0
211,L,0.473711894
211,L,0.026090421
211,I,-0.373448001
211,M,-0.660513133
211,F,-0.377902384
211,Y,-1.636140877
211,W,-2
211,G,-1.280789293
211,G,-2
211,P,-1.027109963
211,P,-1.789814832
211,*,-1.371492719
212,K,-1.878916737
212,R,-1.825548669
212,R,-2
212,R,-2
212,E,-0.530781362
212,D,-0.022719416
212,N,-2
212,Q,-2
212,H,-1.203678853
212,T,-1.938368736
212,T,-2
212,S,-0.800867862
212,S,-0.746017249
212,S,-2
212,C,-2
212,A,-0.551961162
212,S,-0.154041169
212,V,-2
212,V,NaN
212,L,-1.633109532
212,L,-2
212,L,-2
212,I,-2.332610991
212,M,-2
212,F,-2
212,Y,-1.14945741
212,W,-2
212,G,-2
212,G,-2
212,P,-1.833766832
212,P,-1.247600201
212,*,-1.837760969
213,K,-0.914605876
213,R,-0.7803138
213,R,-0.868445076
213,R,-0.524240296
213,E,-1.169464218
213,D,-1.698737598
213,N,0.19650401
213,Q,0.315590866
213,H,0.036342638
213,T,0.261345804
213,T,0.265117676
213,S,0.22364708
213,S,0.284431834
213,S,0.305082653
213,C,-0.010903726
213,A,0.400446562
213,S,0.467025164
213,V,-0.079170493
213,V,-0.263170271
213,L,-0.086712733
213,L,-0.058454544
213,L,-0.068485643
213,I,-0.407861008
213,M,0.181379656
213,F,0.17895059
213,Y,0.047713231
213,W,-0.261869711
213,G,-0.108854202
213,G,-0.220502042
213,P,-1.704207869
213,P,-1.84918252
213,*,-1.675768917
214,K,NaN
214,R,-1.625378953
214,R,-2
214,R,NaN
214,E,-1.001617772
214,D,-1.452687433
214,N,-1.730938531
214,Q,-1.332610991
214,H,-1.313281173
214,T,-1.655681698
214,T,-2
214,S,-2
214,S,-1.720742446
214,S,-2
214,C,-2
214,A,-0.834413053
214,S,-2
214,V,-0.825987375
214,V,-2
214,L,-0.877446846
214,L,-0.320753854
214,L,-2
214,I,-0.747985073
214,M,-0.235700978
214,F,-0.343310063
214,Y,0.067228488
214,W,NaN
214,G,-2
214,G,NaN
214,P,-1.754276263
214,P,-1.182095993
214,*,-0.080089022
215,K,-1.783831492
215,R,-1.544844761
215,R,-1.39347952
215,R,-1.466022086
215,E,-1.863684944
215,D,-1.644814127
215,N,-1.605108908
215,Q,-1.244458953
215,H,-1.549787346
215,T,-0.400081844
215,T,-0.16658898
215,S,0.102871775
215,S,0.204964209
215,S,0
215,C,-0.910659865
215,A,0.338645268
215,S,0.328469721
215,V,-0.814695665
215,V,-0.823746607
215,L,-1.745565753
215,L,-1.359166922
215,L,-0.359615068
215,I,-1.425829678
215,M,-1.522759692
215,F,-1.455778199
215,Y,-1.6701919
215,W,-0.740765425
215,G,0.106234388
215,G,0.293008275
215,P,-1.756014874
215,P,-0.830299526
215,*,-0.294556231
216,K,-0.21248044
216,R,0.10489998
216,R,NaN
216,R,-2
216,E,-2
216,D,-2.091018183
216,N,0.067396355
216,Q,0.645262942
216,H,0.150088463
216,T,0.299139909
216,T,-0.145965478
216,S,0.496423605
216,S,0.138800886
216,S,0.10610393
216,C,-0.697912417
216,A,0.243322609
216,S,-0.145255907
216,V,-0.060289366
216,V,0.035188459
216,L,-0.390452256
216,L,-0.427586504
216,L,-0.527961843
216,I,0.066807197
216,M,0.048541649
216,F,-1.022716611
216,Y,-0.71817219
216,W,-0.829913475
216,G,-0.223466521
216,G,-0.464669947
216,P,-0.054492037
216,P,-0.01398119
216,*,-1.410896783
217,K,-0.112839393
217,R,0.096647022
217,R,-0.123046337
217,R,-2
217,E,-1.247584339
217,D,-1.497742701
217,N,0.071928462
217,Q,0.08240988
217,H,0.316493086
217,T,0.127182978
217,T,0.03070816
217,S,0.207685344
217,S,-0.063391918
217,S,-0.263057144
217,C,-0.268826876
217,A,-0.330947424
217,S,-0.327087434
217,V,-0.99714035
217,V,-0.406695279
217,L,-0.809844437
217,L,-1.182095993
217,L,-0.564222758
217,I,-1.000560062
217,M,-0.82703731
217,F,-0.778762715
217,Y,-0.477061781
217,W,-0.675011515
217,G,-0.49553778
217,G,-0.229048244
217,P,-1.87130616
217,P,-1.614784304
217,*,-2
218,K,0.106679223
218,R,-0.361786361
218,R,-0.110882912
218,R,-0.728991633
218,E,-1.574376758
218,D,-1.638804428
218,N,-0.787476672
218,Q,-0.755168365
218,H,-1.003189545
218,T,-1.625555055
218,T,-1.545380784
218,S,-1.088173023
218,S,-1.001552884
218,S,-1.390693397
218,C,-1.241487505
218,A,-1.255832774
218,S,-1.514604905
218,V,-1.782112801
218,V,-2
218,L,-1.482160501
218,L,-1.262401051
218,L,-1.490055872
218,I,-1.665037822
218,M,-0.840830889
218,F,-1.570213407
218,Y,-1.54883159
218,W,-2
218,G,-0.180648697
218,G,0.498347165
218,P,-1.747097124
218,P,-1.85981111
218,*,-1.775960776
219,K,-0.010069184
219,R,0.004626624
219,R,0.039214039
219,R,0.113331888
219,E,-0.539077488
219,D,-1.008370398
219,N,-0.661978526
219,Q,-0.152051467
219,H,-0.481860779
219,T,0.27494196
219,T,0.107037324
219,S,-0.385869928
219,S,-0.232509986
219,S,-0.073765674
219,C,0.255247948
219,A,-0.238304592
219,S,-0.511556414
219,V,0.09683747
219,V,-0.063518094
219,L,-0.251179221
219,L,-0.151804244
219,L,0.042450273
219,I,0.429139292
219,M,-0.527710596
219,F,-0.458152078
219,Y,0.123150135
219,W,-0.892405
219,G,-0.877418856
219,G,-0.502638042
219,P,-1.167371071
219,P,-1.313785965
219,*,-1.577886741
220,K,-1.891187126
220,R,-2.110762241
220,R,-2
220,R,-1.697758539
220,E,-1.77893739
220,D,-1.64533019
220,N,-1.659013466
220,Q,-1.846093898
220,H,-1.745871925
220,T,-1.600732459
220,T,-1.585276439
220,S,-1.76686539
220,S,-1.719643432
220,S,-0.230320403
220,C,-1.716834113
220,A,-1.438843372
220,S,-1.475550316
220,V,-1.231722353
220,V,-0.150276876
220,L,0.315642718
220,L,0.112138805
220,L,0
220,I,-0.384545822
220,M,-0.25188446
220,F,-0.040642408
220,Y,-1.706490432
220,W,-0.313321699
220,G,-1.690665683
220,G,NaN
220,P,-1.921171342
220,P,-2.010326107
220,*,-0.418749442
221,K,-1.542831016
221,R,-1.39797353
221,R,-1.537483651
221,R,-2
221,E,-0.343812055
221,D,0.062933952
221,N,-0.83119121
221,Q,-1.4940421
221,H,-1.267299964
221,T,-1.395259164
221,T,-1.235744058
221,S,-1.497398705
221,S,-1.184695175
221,S,-2
221,C,-2
221,A,-1.562307234
221,S,-1.395080359
221,V,-1.693012104
221,V,-2
221,L,-2.386968653
221,L,-1.738398494
221,L,-0.960247243
221,I,-1.570806719
221,M,-2
221,F,-1.311421692
221,Y,-1.742570883
221,W,-2
221,G,-1.360639714
221,G,-2
221,P,-1.550021911
221,P,-1.539322081
221,*,-1.580716936
222,K,0.15696394
222,R,-0.04934673
222,R,0.306387669
222,R,-0.105367209
222,E,-0.064489637
222,D,-0.04060667
222,N,-0.13351329
222,Q,-0.102952345
222,H,-0.072080426
222,T,-0.11239855
222,T,-0.549015069
222,S,-0.029549345
222,S,0.237896581
222,S,0.345170139
222,C,0.110143178
222,A,0.075304083
222,S,0.054919111
222,V,-0.150502953
222,V,-0.116528468
222,L,-0.341754472
222,L,-0.702004277
222,L,-2
222,I,0.415018439
222,M,-0.490178806
222,F,-0.506607084
222,Y,-0.397116988
222,W,NaN
222,G,0.185660254
222,G,-0.156519732
222,P,-0.462347494
222,P,-0.395080359
222,*,-1.214602138
223,K,-0.913572142
223,R,-0.436955124
223,R,-0.943856827
223,R,-0.491321197
223,E,-0.457549727
223,D,-0.522716611
223,N,-0.001435288
223,Q,-1.244565361
223,H,-0.485308391
223,T,-0.446733184
223,T,-0.626353959
223,S,-0.155580058
223,S,-0.307519397
223,S,-0.343294415
223,C,-1.302647767
223,A,-0.437700731
223,S,-0.483313913
223,V,-2
223,V,-2
223,L,-1.701942558
223,L,-1.842631951
223,L,-2
223,I,-2
223,M,-1.502011333
223,F,-1.137286776
223,Y,-1.455860281
223,W,-2
223,G,0.038783647
223,G,0.271035787
223,P,-0.685338231
223,P,-0.460742554
223,*,-2
224,K,-1.789305962
224,R,-1.655337721
224,R,-1.636534157
224,R,-1.792749972
224,E,-1.302647767
224,D,-1.64245573
224,N,-1.703524672
224,Q,-1.581085249
224,H,-1.730869438
224,T,-1.203959998
224,T,-1.286608446
224,S,-1.657836342
224,S,-1.646154775
224,S,-1.556995705
224,C,-0.480042776
224,A,-0.736573992
224,S,-1.168762565
224,V,-0.392382843
224,V,-0.426655309
224,L,-1.308389511
224,L,-0.570631327
224,L,-0.582488464
224,I,0.073431181
224,M,-0.344604482
224,F,-0.784155984
224,Y,-1.88994214
224,W,-2
224,G,-2
224,G,-2
224,P,-1.698881899
224,P,-1.807080344
224,*,-1.754582482
225,K,-2
225,R,-2
225,R,-1.435273332
225,R,-1.254192761
225,E,-1.769432727
225,D,-1.430201938
225,N,-1.58631979
225,Q,-0.170534093
225,H,-1.267937063
225,T,-1.480950348
225,T,-1.752412855
225,S,-1.668762565
225,S,-1.782346445
225,S,-2
225,C,-1.460247243
225,A,-1.707684112
225,S,-1.84223839
225,V,-0.985283213
225,V,-0.520019096
225,L,0.405886076
225,L,0.076883827
225,L,-0.048243527
225,I,-0.478307415
225,M,-0.311797871
225,F,-0.090911557
225,Y,-0.881942113
225,W,-2
225,G,-1.770174765
225,G,-1.536730973
225,P,-1.725336021
225,P,-2
225,*,-2
226,K,0.271721986
226,R,0.137232667
226,R,0.055921087
226,R,-0.307034729
226,E,-0.240265275
226,D,-0.017995823
226,N,0.055257394
226,Q,0.102267687
226,H,0.037345758
226,T,0.150730871
226,T,0.235700893
226,S,0.335250546
226,S,0.076764992
226,S,0.028630917
226,C,-0.142121217
226,A,-0.022705314
226,S,0.448906951
226,V,-1.27968694
226,V,-2
226,L,-1.312866932
226,L,-1.181128743
226,L,-1.036730973
226,I,-2
226,M,-0.034618069
226,F,-0.936853385
226,Y,-0.670863965
226,W,NaN
226,G,0.047680853
226,G,NaN
226,P,-0.355208665
226,P,-0.919806842
226,*,-1.261277239
227,K,-0.339237515
227,R,-0.378827111
227,R,-0.338761009
227,R,-0.505110654
227,E,-0.995438064
227,D,-1.281752044
227,N,-0.98194625
227,Q,-0.206676488
227,H,-0.018472534
227,T,-0.643456725
227,T,-0.654250685
227,S,-0.810582138
227,S,-0.793672534
227,S,-0.862412738
227,C,-0.618992749
227,A,-0.313652917
227,S,-0.301978793
227,V,-0.061429461
227,V,-0.011180801
227,L,0.235569912
227,L,0
227,L,0.265283348
227,I,0.39056054
227,M,0.12946629
227,F,-0.120722813
227,Y,0.085229625
227,W,-0.543352796
227,G,-1.491990372
227,G,-1.498201707
227,P,-1.482364122
227,P,-0.718322959
227,*,-1.747901999
228,K,-1.455367324
228,R,-1.436473044
228,R,-2
228,R,-2
228,E,-1.687998649
228,D,-1.687998649
228,N,-2.006004734
228,Q,-1.623648687
228,H,-1.493732732
228,T,-1.727438945
228,T,-2
228,S,-1.463666955
228,S,-1.681387098
228,S,-1.960568705
228,C,-0.843749188
228,A,-1.160945937
228,S,-2
228,V,0.100982295
228,V,0.101887346
228,L,0.082513469
228,L,0.075270632
228,L,0.314484295
228,I,-0.221548822
228,M,-0.261676447
228,F,-0.483125988
228,Y,-1.071297738
228,W,NaN
228,G,-0.528883479
228,G,-2
228,P,-1.944031969
228,P,-1.371492719
228,*,-1.808764995
229,K,-0.65715513
229,R,-0.570228314
229,R,-0.377495184
229,R,-0.439655679
229,E,-0.27480128
229,D,0.078468737
229,N,-0.471338445
229,Q,-0.519954014
229,H,-0.177549125
229,T,0.184361476
229,T,0.029203436
229,S,0.028821261
229,S,0.135126675
229,S,0.145540446
229,C,-0.180025962
229,A,-0.084544481
229,S,-0.1416984
229,V,-0.275784133
229,V,-0.360325856
229,L,-0.725616291
229,L,-0.931535227
229,L,-0.782060819
229,I,-0.838323424
229,M,-1.027933854
229,F,-0.610143945
229,Y,-0.627082359
229,W,-0.199549673
229,G,-0.332867878
229,G,-0.317754893
229,P,-1.204654836
229,P,-0.663389637
229,*,-1.623276029
230,K,0.394018525
230,R,0.056000439
230,R,0.113822625
230,R,0.074867922
230,E,-0.006684381
230,D,-0.266247658
230,N,0
230,Q,0.152326605
230,H,0.29291649
230,T,0.218436287
230,T,0.387713852
230,S,0.032778276
230,S,0.026526653
230,S,-0.139479837
230,C,0.345282331
230,A,-0.020330295
230,S,-0.103850316
230,V,0.562643831
230,V,0.597356378
230,L,0.08458318
230,L,0.294902886
230,L,0.256486418
230,I,0.30572954
230,M,0.963987371
230,F,0.028902801
230,Y,0.237920829
230,W,-0.520841624
230,G,0.125756142
230,G,0.388708041
230,P,-0.180418857
230,P,-0.08446704
230,*,-2.001639928